venue,venue_matches,toss_winner_wins,field_and_won,bat_and_won,toss_win_pct
Eden Gardens,77,43,31,12,55.84
Wankhede Stadium,73,37,26,11,50.68
M Chinnaswamy Stadium,63,35,32,3,55.56
"Wankhede Stadium, Mumbai",59,32,29,3,54.24
Feroz Shah Kotla,59,31,19,12,52.54
"Rajiv Gandhi International Stadium, Uppal",49,17,12,5,34.69
"MA Chidambaram Stadium, Chepauk",48,25,4,21,52.08
Sawai Mansingh Stadium,47,25,19,6,53.19
Dubai International Cricket Stadium,46,18,11,7,39.13
"MA Chidambaram Stadium, Chepauk, Chennai",41,20,14,6,48.78
"Narendra Modi Stadium, Ahmedabad",41,19,16,3,46.34
"Punjab Cricket Association Stadium, Mohali",35,16,11,5,45.71
"Arun Jaitley Stadium, Delhi",30,15,12,3,50.0
Sheikh Zayed Stadium,29,15,8,7,51.72
Sharjah Cricket Stadium,28,16,13,3,57.14
"Eden Gardens, Kolkata",28,10,9,1,35.71
"Bharat Ratna Shri Atal Bihari Vajpayee Ekana Cricket Stadium, Lucknow",28,18,14,4,64.29
"Rajiv Gandhi International Stadium, Uppal, Hyderabad",25,12,7,5,48.0
"M Chinnaswamy Stadium, Bengaluru",24,13,13,0,54.17
Maharashtra Cricket Association Stadium,22,14,13,1,63.64
"Sawai Mansingh Stadium, Jaipur",21,13,8,5,61.9
"Dr DY Patil Sports Academy, Mumbai",20,11,9,2,55.0
Dr DY Patil Sports Academy,17,9,6,3,52.94
"Brabourne Stadium, Mumbai",17,8,7,1,47.06
Subrata Roy Sahara Stadium,16,9,0,9,56.25
Kingsmead,15,9,3,6,60.0
Rajiv Gandhi International Stadium,15,4,3,1,26.67
