season,season_matches,field_first_decisions,bat_first_decisions,toss_winner_wins,toss_advantage_pct,field_first_pct
2008,58,32,26,28,48.28,55.17
2009,57,22,35,33,57.89,38.6
2010,60,21,39,31,51.67,35.0
2011,72,48,24,38,52.78,66.67
2012,74,37,37,33,44.59,50.0
2013,76,31,45,36,47.37,40.79
2014,60,41,19,30,50.0,68.33
2015,57,32,25,28,49.12,56.14
2016,60,49,11,34,56.67,81.67
2017,59,48,11,34,57.63,81.36
2018,60,50,10,32,53.33,83.33
2019,59,49,10,36,61.02,83.05
2021,120,77,43,60,50.0,64.17
2022,74,59,15,36,48.65,79.73
2023,73,52,21,34,46.58,71.23
2024,71,52,19,31,43.66,73.24
2025,71,59,12,43,60.56,83.1
2026,73,61,12,37,50.68,83.56
