season,orange_cap_player,orange_cap_runs,purple_cap_player,purple_cap_wickets,purple_cap_economy
2008,SE Marsh,616,Sohail Tanvir,22,6.68
2009,ML Hayden,572,RP Singh,23,7.21
2010,SR Tendulkar,618,PP Ojha,21,7.46
2011,CH Gayle,608,SL Malinga,28,6.24
2012,CH Gayle,733,M Morkel,25,7.4
2013,MEK Hussey,733,DJ Bravo,32,8.08
2014,RV Uthappa,660,MM Sharma,23,8.49
2015,DA Warner,562,DJ Bravo,26,8.45
2016,V Kohli,973,B Kumar,23,7.62
2017,DA Warner,641,B Kumar,26,7.34
2018,KS Williamson,735,AJ Tye,24,8.2
2019,DA Warner,692,Imran Tahir,26,6.84
2021,KL Rahul,1302,JJ Bumrah,50,7.33
2022,JC Buttler,863,YS Chahal,27,7.88
2023,Shubman Gill,890,Mohammed Shami,28,8.18
2024,V Kohli,741,HV Patel,24,9.9
2025,B Sai Sudharsan,759,M Prasidh Krishna,25,8.58
2026,V Suryavanshi,776,K Rabada,29,9.76
