season,bowler,season_wickets,legal_balls,runs_conceded,matches,economy_rate,season_rank
2008,Sohail Tanvir,22,247,275,11,6.68,1
2008,SK Warne,19,312,409,15,7.87,2
2008,S Sreesanth,19,307,451,15,8.81,3
2010,PP Ojha,21,353,439,16,7.46,1
2010,A Kumble,17,380,422,16,6.66,2
2010,A Mishra,17,318,371,14,7.0,3
2014,MM Sharma,23,323,457,16,8.49,1
2014,SP Narine,21,390,432,16,6.65,2
2014,B Kumar,20,319,362,14,6.81,3
2015,DJ Bravo,26,314,442,16,8.45,1
2015,SL Malinga,24,360,453,15,7.55,2
2015,YS Chahal,23,281,416,14,8.88,3
2016,B Kumar,23,396,503,17,7.62,1
2016,YS Chahal,21,295,409,13,8.32,2
2016,SR Watson,20,339,490,16,8.67,3
2011,SL Malinga,28,378,393,16,6.24,1
2011,MM Patel,22,326,377,15,6.94,2
2011,S Aravind,21,276,377,13,8.2,3
2019,Imran Tahir,26,386,440,17,6.84,1
2019,K Rabada,26,288,382,12,7.96,2
2019,DL Chahar,22,387,486,17,7.53,3
2021,JJ Bumrah,50,702,858,29,7.33,1
2021,K Rabada,47,733,1029,32,8.42,2
2021,YS Chahal,39,661,795,30,7.22,3
2009,RP Singh,23,358,430,16,7.21,1
2009,A Kumble,21,355,353,16,5.97,2
2009,A Nehra,19,306,354,13,6.94,3
2012,M Morkel,25,378,466,16,7.4,1
2012,SP Narine,24,355,332,15,5.61,2
2012,SL Malinga,22,333,355,14,6.4,3
2017,B Kumar,26,314,384,14,7.34,1
2017,JD Unadkat,24,275,330,12,7.2,2
2017,JJ Bumrah,20,362,455,16,7.54,3
2018,AJ Tye,24,336,459,14,8.2,1
2018,Rashid Khan,21,408,466,17,6.85,2
2018,S Kaul,21,396,558,17,8.45,3
2022,YS Chahal,27,408,536,17,7.88,1
2022,PWH de Silva,26,342,439,16,7.7,2
2022,K Rabada,23,288,414,13,8.63,3
2024,HV Patel,24,294,485,14,9.9,1
2024,CV Varun,21,300,411,14,8.22,2
2024,JJ Bumrah,20,311,341,13,6.58,3
2013,DJ Bravo,32,375,505,18,8.08,1
2013,JP Faulkner,28,379,436,16,6.9,2
2013,Harbhajan Singh,24,420,466,19,6.66,3
2023,Mohammed Shami,28,390,532,17,8.18,1
2023,MM Sharma,27,265,362,14,8.2,2
2023,Rashid Khan,27,402,557,17,8.31,3
2025,M Prasidh Krishna,25,354,506,15,8.58,1
2025,Noor Ahmad,24,300,416,14,8.32,2
2025,JR Hazlewood,22,264,389,12,8.84,3
2026,K Rabada,29,388,631,17,9.76,1
2026,B Kumar,28,378,504,16,8.0,2
2026,JC Archer,25,360,566,16,9.43,3
