season,batter,season_runs,balls_faced,season_rank
2008,SE Marsh,616,441,1
2008,G Gambhir,534,379,2
2008,ST Jayasuriya,514,309,3
2010,SR Tendulkar,618,466,1
2010,JH Kallis,572,494,2
2010,SK Raina,528,367,3
2014,RV Uthappa,660,479,1
2014,DR Smith,566,416,2
2014,GJ Maxwell,552,294,3
2015,DA Warner,562,359,1
2015,AM Rahane,540,413,2
2015,LMP Simmons,540,441,3
2016,V Kohli,973,640,1
2016,DA Warner,848,560,2
2016,AB de Villiers,687,407,3
2011,CH Gayle,608,332,1
2011,V Kohli,557,460,2
2011,SR Tendulkar,553,488,3
2019,DA Warner,692,481,1
2019,KL Rahul,593,438,2
2019,Q de Kock,529,398,3
2021,KL Rahul,1302,975,1
2021,S Dhawan,1205,900,2
2021,F du Plessis,1082,777,3
2009,ML Hayden,572,395,1
2009,AC Gilchrist,495,325,2
2009,AB de Villiers,465,355,3
2012,CH Gayle,733,456,1
2012,G Gambhir,590,411,2
2012,S Dhawan,569,439,3
2017,DA Warner,641,452,1
2017,G Gambhir,498,389,2
2017,S Dhawan,479,376,3
2018,KS Williamson,735,516,1
2018,RR Pant,684,394,2
2018,KL Rahul,659,416,3
2022,JC Buttler,863,579,1
2022,KL Rahul,616,455,2
2022,Q de Kock,508,341,3
2024,V Kohli,741,479,1
2024,RD Gaikwad,583,413,2
2024,R Parag,573,384,3
2013,MEK Hussey,733,566,1
2013,CH Gayle,720,459,2
2013,V Kohli,639,459,3
2023,Shubman Gill,890,564,1
2023,F du Plessis,730,475,2
2023,DP Conway,672,481,3
2025,B Sai Sudharsan,759,486,1
2025,SA Yadav,717,427,2
2025,V Kohli,657,454,3
2026,V Suryavanshi,776,327,1
2026,Shubman Gill,732,449,2
2026,B Sai Sudharsan,722,457,3
