batter,innings,total_runs,balls_faced,fours,sixes,max_ball_score,dismissals,strike_rate,batting_average,all_time_rank
V Kohli,275,9346,6930,847,317,6,231,134.86,40.46,1
RG Sharma,275,7331,5517,661,324,6,246,132.88,29.8,2
S Dhawan,221,6769,5326,768,153,6,193,127.09,35.07,3
DA Warner,184,6567,4702,663,236,6,164,139.66,40.04,4
KL Rahul,149,5828,4188,509,239,6,128,139.16,45.53,5
SK Raina,200,5536,4046,506,204,6,171,136.83,32.37,6
MS Dhoni,241,5439,3957,375,264,6,142,137.45,38.3,7
AM Rahane,197,5367,4273,540,141,6,178,125.6,30.15,8
AB de Villiers,170,5181,3411,414,253,6,130,151.89,39.85,9
SV Samson,185,5181,3671,432,243,6,164,141.13,31.59,9
CH Gayle,141,4997,3346,408,359,6,126,149.34,39.66,10
RV Uthappa,197,4954,3801,481,182,6,180,130.33,27.52,11
KD Karthik,233,4843,3580,466,161,6,184,135.28,26.32,12
F du Plessis,147,4773,3515,440,174,6,136,135.79,35.1,13
JC Buttler,136,4647,3105,459,211,6,118,149.66,39.38,14
Shubman Gill,130,4598,3236,446,152,6,114,142.09,40.33,15
SA Yadav,164,4581,3084,482,178,6,137,148.54,33.44,16
AT Rayudu,185,4348,3409,359,173,6,155,127.54,28.05,17
SS Iyer,144,4233,3095,354,182,6,119,136.77,35.57,18
G Gambhir,151,4217,3404,492,59,6,136,123.88,31.01,19
MK Pandey,163,4021,3297,348,118,6,137,121.96,29.35,20
SR Watson,141,3880,2813,377,190,6,126,137.93,30.79,21
RR Pant,136,3879,2644,351,181,6,115,146.71,33.73,22
Ishan Kishan,127,3600,2508,348,166,6,118,143.54,30.51,23
RA Jadeja,205,3526,2699,264,122,6,121,130.64,29.14,24
Q de Kock,118,3444,2553,334,143,6,111,134.9,31.03,25
KA Pollard,168,3437,2329,221,224,6,121,147.57,28.4,26
DA Miller,143,3288,2358,235,152,6,93,139.44,35.35,27
YK Pathan,153,3222,2245,263,161,6,110,143.52,29.29,28
N Rana,121,3078,2235,288,151,6,112,137.72,27.48,29
HH Pandya,150,2964,2025,228,157,6,107,146.37,27.7,30
WP Saha,143,2934,2300,296,87,6,121,127.57,24.25,31
BB McCullum,109,2882,2190,293,130,6,104,131.6,27.71,32
PA Patel,136,2848,2358,365,49,6,126,120.78,22.6,33
RD Gaikwad,84,2839,2093,260,107,6,74,135.64,38.36,34
GJ Maxwell,134,2820,1818,238,161,6,118,155.12,23.9,35
MA Agarwal,125,2764,2066,275,100,6,120,133.79,23.03,36
Yuvraj Singh,126,2754,2122,218,149,6,111,129.78,24.81,37
V Sehwag,104,2728,1755,334,106,6,99,155.44,27.56,38
AD Russell,114,2655,1525,187,223,6,95,174.1,27.95,39
M Vijay,105,2619,2149,247,91,6,101,121.87,25.93,40
YBK Jaiswal,82,2593,1697,311,110,6,78,152.8,33.24,41
N Pooran,100,2527,1543,169,186,6,83,163.77,30.45,42
B Sai Sudharsan,57,2515,1686,258,83,6,52,149.17,48.37,43
SPD Smith,93,2495,1945,226,60,6,72,128.28,34.65,44
SE Marsh,69,2489,1871,269,78,6,63,133.03,39.51,45
JH Kallis,95,2427,2222,255,44,6,85,109.23,28.55,46
DR Smith,88,2385,1764,245,117,6,84,135.2,28.39,47
Abhishek Sharma,89,2379,1389,224,144,6,81,171.27,29.37,48
SR Tendulkar,78,2334,1948,296,29,6,69,119.82,33.83,49
RA Tripathi,98,2291,1662,229,85,6,88,137.85,26.03,50
D Padikkal,89,2270,1705,241,80,6,85,133.14,26.71,51
MP Stoinis,108,2242,1520,181,117,6,78,147.5,28.74,52
R Dravid,82,2174,1882,269,28,6,77,115.52,28.23,53
KS Williamson,76,2132,1697,187,64,6,60,125.63,35.53,54
S Dube,87,2129,1464,132,137,6,68,145.42,31.31,55
H Klaasen,60,2104,1262,146,120,6,50,166.72,42.08,56
AJ Finch,90,2092,1635,214,78,6,84,127.95,24.9,57
AR Patel,134,2089,1562,146,100,6,97,133.74,21.54,58
AC Gilchrist,80,2069,1495,239,92,6,76,138.39,27.22,59
JP Duminy,75,2029,1636,126,79,6,51,124.02,39.78,60
KH Pandya,123,1982,1481,173,76,6,87,133.83,22.78,61
MEK Hussey,58,1977,1612,198,52,6,51,122.64,38.76,62
PP Shaw,79,1892,1283,238,61,6,79,147.47,23.95,63
R Parag,86,1879,1302,136,108,6,74,144.32,25.39,64
P Simran Singh,65,1865,1189,196,94,6,63,156.85,29.6,65
Tilak Varma,65,1858,1284,143,91,6,52,144.7,35.73,66
MR Marsh,62,1855,1249,155,111,6,60,148.52,30.92,67
SP Narine,122,1820,1101,191,120,6,104,165.3,17.5,68
DPMD Jayawardene,78,1808,1464,200,40,6,64,123.5,28.25,69
KK Nair,78,1712,1304,188,49,6,73,131.29,23.45,70
Mandeep Singh,97,1706,1388,176,38,6,82,122.91,20.8,71
MK Tiwary,83,1695,1449,156,40,6,59,116.98,28.73,72
KC Sangakkara,68,1687,1392,195,27,6,65,121.19,25.95,73
VR Iyer,62,1677,1181,157,78,6,53,142.0,31.64,74
JM Bairstow,52,1674,1146,173,74,6,48,146.07,34.88,75
AK Markram,66,1671,1234,131,68,6,56,135.41,29.84,76
RM Patidar,52,1612,980,106,110,6,48,164.49,33.58,77
SO Hetmyer,85,1566,1049,99,96,6,57,149.29,27.47,78
DJ Bravo,110,1560,1204,120,66,6,69,129.57,22.61,79
TM Head,52,1556,915,172,78,6,48,170.05,32.42,80
NV Ojha,94,1554,1313,121,79,6,75,118.35,20.72,81
DJ Hooda,101,1497,1173,98,62,6,85,127.62,17.61,82
SS Tiwary,73,1494,1244,111,50,6,52,120.1,28.73,83
S Badrinath,65,1441,1212,154,28,6,47,118.89,30.66,84
EJG Morgan,74,1406,1148,112,64,6,62,122.47,22.68,85
BJ Hodge,63,1400,1118,122,43,6,42,125.22,33.33,86
RK Singh,62,1398,956,115,67,6,41,146.23,34.1,87
SC Ganguly,56,1349,1263,137,42,6,53,106.81,25.45,88
CA Lynn,42,1329,945,132,66,6,39,140.63,34.08,89
DJ Hussey,61,1322,1075,90,60,6,49,122.98,26.98,90
R Tewatia,91,1302,943,110,62,6,55,138.07,23.67,91
PD Salt,40,1258,721,138,67,6,37,174.48,34.0,92
V Shankar,63,1233,950,88,48,6,47,129.79,26.23,93
KM Jadhav,81,1208,981,102,40,6,54,123.14,22.37,94
Dhruv Jurel,51,1195,775,98,62,6,38,154.19,31.45,95
A Badoni,56,1178,836,96,47,6,46,140.91,25.61,96
MM Ali,59,1167,835,95,67,6,53,139.76,22.02,97
TM Dilshan,50,1153,1007,140,24,6,43,114.5,26.81,98
TH David,59,1151,650,76,83,6,35,177.08,32.89,99
IK Pathan,82,1150,950,88,38,6,53,121.05,21.7,100
ML Hayden,32,1107,806,121,44,6,31,137.34,35.71,101
JM Sharma,59,1107,726,86,68,6,48,152.48,23.06,101
M Vohra,51,1083,829,104,43,6,49,130.64,22.1,102
DP Conway,28,1080,773,117,34,6,25,139.72,43.2,103
LMP Simmons,29,1079,852,109,44,6,27,126.64,39.96,104
LS Livingstone,49,1066,687,70,76,6,42,155.17,25.38,105
C Green,42,1029,681,84,49,6,27,151.1,38.11,106
V Suryavanshi,23,1028,449,81,96,6,23,228.95,44.7,107
LRPL Taylor,54,1017,822,66,46,6,40,123.72,25.43,108
KP Pietersen,36,1001,743,91,40,6,28,134.72,35.75,109
MC Henriques,54,1000,788,87,28,6,36,126.9,27.78,110
SM Curran,53,997,731,85,41,6,40,136.39,24.93,111
T Stubbs,43,986,649,69,47,6,25,151.93,39.44,112
Y Venugopal Rao,52,985,836,77,37,6,44,117.82,22.39,113
JA Morkel,67,975,687,61,55,6,40,141.92,24.38,114
A Symonds,36,974,750,74,41,6,27,129.87,36.07,115
CL White,45,971,760,76,38,6,36,127.76,26.97,116
BA Stokes,43,935,698,81,32,6,38,133.95,24.61,117
Priyansh Arya,31,909,471,87,63,6,31,192.99,29.32,118
Shashank Singh,42,905,560,67,51,6,25,161.61,36.2,119
Washington Sundar,59,888,656,82,28,6,43,135.37,20.65,120
HH Gibbs,36,886,807,83,31,6,32,109.79,27.69,121
A Raghuvanshi,30,885,608,86,35,6,26,145.56,34.04,122
STR Binny,66,880,683,66,35,6,46,128.84,19.13,123
Abdul Samad,58,859,578,55,55,6,45,148.62,19.09,124
RD Rickelton,26,836,497,78,55,6,24,168.21,34.83,125
Harbhajan Singh,88,833,604,79,42,6,55,137.91,15.15,126
R Ashwin,93,833,705,64,29,6,64,118.16,13.02,126
MS Bisla,39,798,702,93,23,6,38,113.68,21.0,127
Shakib Al Hasan,52,795,639,73,21,6,41,124.41,19.39,128
Nithish Kumar Reddy,35,787,541,50,46,6,27,145.47,29.15,129
N Wadhera,37,784,560,64,43,6,33,140.0,23.76,130
M Shahrukh Khan,53,775,524,49,52,6,38,147.9,20.39,131
Abishek Porel,33,769,529,80,28,6,30,145.37,25.63,132
ST Jayasuriya,30,768,532,84,39,6,28,144.36,27.43,133
SN Khan,43,746,543,86,20,6,33,137.38,22.61,134
GC Smith,29,739,668,94,9,6,26,110.63,28.42,135
AD Mathews,41,724,575,44,29,6,31,125.91,23.35,136
Naman Dhir,33,710,433,68,36,6,26,163.97,27.31,137
TL Suman,39,676,575,55,26,6,32,117.57,21.13,138
AM Nayar,50,672,577,55,20,6,38,116.46,17.68,139
GJ Bailey,36,663,544,59,19,6,27,121.88,24.56,140
E Lewis,26,654,477,62,36,6,24,137.11,27.25,141
PJ Cummins,51,642,421,40,44,6,33,152.49,19.45,142
Rashid Khan,72,635,406,45,43,6,46,156.4,13.8,143
PP Chawla,86,624,563,56,20,6,56,110.83,11.14,144
CH Morris,49,618,398,41,35,6,28,155.28,22.07,145
JJ Roy,21,614,443,75,21,6,19,138.6,32.32,146
D Brevis,24,606,415,38,43,6,24,146.02,25.25,147
JD Ryder,29,604,458,69,19,6,28,131.88,21.57,148
Shahbaz Ahmed,40,603,489,33,28,6,29,123.31,20.79,149
WG Jacks,26,602,379,50,38,6,22,158.84,27.36,150
HM Amla,16,577,407,60,21,6,13,141.77,44.38,151
Ashutosh Sharma,26,564,334,39,40,6,19,168.86,29.68,152
R Powell,30,555,390,38,38,6,25,142.31,22.2,153
JP Inglis,16,544,314,58,28,6,14,173.25,38.86,154
CJ Anderson,29,538,423,40,31,6,22,127.19,24.45,155
RS Bopara,22,531,453,39,16,6,18,117.22,29.5,156
JP Faulkner,45,527,390,36,23,6,26,135.13,20.27,157
MK Lomror,35,527,373,33,30,6,29,141.29,18.17,157
SE Rutherford,27,520,364,30,38,6,21,142.86,24.76,158
M Manhas,38,514,470,43,10,6,23,109.36,22.35,159
Gurkeerat Singh,32,511,422,55,11,6,24,121.09,21.29,160
OA Shah,22,506,389,34,23,6,15,130.08,33.73,161
PC Valthaty,23,505,418,61,20,6,22,120.81,22.95,162
SW Billings,27,503,388,40,20,6,26,129.64,19.35,163
C Connolly,13,491,301,43,32,6,11,163.12,44.64,164
RR Rossouw,22,473,308,45,25,6,20,153.57,23.65,165
DT Christian,41,460,398,23,19,6,31,115.58,14.84,166
A Mhatre,13,441,240,51,23,6,13,183.75,33.92,167
NLTC Perera,30,424,309,23,26,6,22,137.22,19.27,168
Sameer Rizvi,18,424,293,30,26,6,14,144.71,30.29,168
SA Asnodkar,19,423,339,56,10,6,20,124.78,21.15,169
JR Hopes,19,417,306,49,11,6,16,136.27,26.06,170
R Ravindra,18,413,287,40,16,6,17,143.9,24.29,171
J Botha,28,409,359,39,5,6,20,113.93,20.45,172
LR Shukla,33,405,350,33,16,6,27,115.71,15.0,173
AL Menaria,23,401,356,24,18,6,21,112.64,19.1,174
MV Boucher,23,394,309,32,13,6,14,127.51,28.14,175
CA Pujara,22,390,391,50,4,6,19,99.74,20.53,176
Azhar Mahmood,21,388,303,39,13,6,19,128.05,20.42,177
J Fraser-McGurk,15,385,193,39,30,6,15,199.48,25.67,178
A Mishra,55,381,419,31,5,6,32,90.93,11.91,179
KR Mayers,13,379,263,38,22,6,13,144.11,29.15,180
DB Ravi Teja,25,375,317,35,9,6,19,118.3,19.74,181
S Sohal,20,368,292,34,18,6,20,126.03,18.4,182
P Negi,35,365,289,27,16,6,26,126.3,14.04,183
Rahmanullah Gurbaz,18,363,269,34,22,6,17,134.94,21.35,184
B Kumar,75,354,377,34,4,6,38,93.9,9.32,185
KV Sharma,40,352,295,20,17,6,26,119.32,13.54,186
DJ Mitchell,15,351,267,28,10,6,13,131.46,27.0,187
SN Thakur,43,349,263,32,13,6,30,132.7,11.63,188
FH Allen,11,349,163,33,28,6,10,214.11,34.9,188
R Bhatia,47,342,284,24,13,6,30,120.42,11.4,189
P Kumar,57,340,314,22,17,6,38,108.28,8.95,190
AP Tare,27,339,273,40,11,6,24,124.18,14.13,191
JEC Franklin,16,327,301,25,9,6,11,108.64,29.73,192
JC Archer,40,326,225,18,22,6,25,144.89,13.04,193
D Ferreira,16,326,191,26,23,6,12,170.68,27.17,193
RN ten Doeschate,21,326,235,26,15,6,14,138.72,23.29,193
JO Holder,34,324,263,16,21,6,26,123.19,12.46,194
Anuj Rawat,21,318,267,26,14,6,16,119.1,19.88,195
Aniket Verma,20,315,196,18,25,6,15,160.71,21.0,196
R Vinay Kumar,42,310,274,21,9,6,28,113.14,11.07,197
Lalit Yadav,21,305,290,27,7,6,16,105.17,19.06,198
DB Das,22,304,261,23,16,6,14,116.48,21.71,199
C de Grandhomme,21,303,225,18,18,6,16,134.67,18.94,200
LA Pomersbach,16,302,246,25,13,6,11,122.76,27.45,201
UBT Chand,20,300,300,32,9,6,20,100.0,15.0,202
Ramandeep Singh,26,299,205,17,19,6,16,145.85,18.69,203
DJG Sammy,20,295,241,15,18,6,15,122.41,19.67,204
Kartik Sharma,11,295,216,24,16,6,9,136.57,32.78,204
SP Goswami,21,293,295,32,3,6,20,99.32,14.65,205
A Manohar,20,292,235,23,14,6,19,124.26,15.37,206
Y Nagar,20,285,259,20,9,6,14,110.04,20.36,207
GH Vihari,23,284,321,23,1,6,20,88.47,14.2,208
VVS Laxman,20,282,267,33,5,6,19,105.62,14.84,209
B Chipli,21,280,251,28,7,6,15,111.55,18.67,210
HV Patel,44,280,238,18,15,6,32,117.65,8.75,210
A Ashish Reddy,23,280,193,16,15,6,15,145.08,18.67,210
P Nissanka,10,278,175,33,12,6,10,158.86,27.8,211
MJ Lumb,12,278,194,45,6,6,12,143.3,23.17,211
PBB Rajapaksa,13,277,191,22,15,6,13,145.03,21.31,212
PK Garg,19,273,241,16,9,6,18,113.28,15.17,213
MJ Guptill,13,271,197,24,15,6,12,137.56,22.58,214
R Sathish,24,270,231,22,6,6,17,116.88,15.88,215
R Shepherd,19,268,153,18,22,6,11,175.16,24.36,216
K Rabada,34,262,239,21,11,6,20,109.62,13.1,217
Atharva Taide,10,260,177,30,8,6,10,146.89,26.0,218
M Kaif,22,259,250,22,6,6,18,103.6,14.39,219
Harpreet Brar,27,249,206,20,10,6,12,120.87,20.75,220
K Gowtham,27,247,148,15,17,6,18,166.89,13.72,221
SM Katich,11,241,186,26,8,6,10,129.57,24.1,222
BCJ Cutting,17,238,141,15,19,6,11,168.79,21.64,223
MD Mishra,17,237,208,24,8,6,16,113.94,14.81,224
Mohammad Nabi,19,221,152,18,12,6,17,145.39,13.0,225
SB Dubey,17,220,143,17,13,6,10,153.85,22.0,226
K Goel,16,218,231,17,9,6,15,94.37,14.53,227
AA Jhunjhunwala,15,217,210,19,5,6,13,103.33,16.69,228
Kuldeep Yadav,41,210,253,18,3,6,18,83.0,11.67,229
R Dhawan,22,210,187,18,7,6,11,112.3,19.09,229
UT Yadav,48,208,201,16,9,6,21,103.48,9.9,230
CA Ingram,15,205,180,22,5,6,12,113.89,17.08,231
PD Collingwood,7,203,156,9,13,6,5,130.13,40.6,232
JD Unadkat,28,201,169,16,7,6,16,118.93,12.56,233
KS Bharat,8,199,163,12,8,6,7,122.09,28.43,234
SK Warne,27,198,214,14,6,6,20,92.52,9.9,235
Urvil Patel,10,197,96,11,20,6,10,205.21,19.7,236
SP Fleming,10,196,165,27,3,6,9,118.79,21.78,237
AS Raut,16,194,167,13,7,6,9,116.17,21.56,238
BJ Rohrer,8,193,141,21,5,6,7,136.88,27.57,239
Salman Butt,7,193,161,30,2,6,7,119.88,27.57,239
YV Takawale,10,192,178,26,3,6,8,107.87,24.0,240
M Jansen,25,192,174,9,9,6,15,110.34,12.8,240
HC Brook,11,190,154,23,4,6,9,123.38,21.11,241
Bipul Sharma,17,187,123,11,9,6,8,152.03,23.38,242
MS Wade,14,183,177,23,2,6,14,103.39,13.07,243
SD Hope,9,183,122,12,12,6,8,150.0,22.88,243
FY Fazal,11,183,173,22,1,6,10,105.78,18.3,243
Sikandar Raza,9,182,136,12,8,6,7,133.82,26.0,244
CR Brathwaite,14,181,111,10,16,6,13,163.06,13.92,245
AC Voges,7,181,143,15,3,6,4,126.57,45.25,245
S Gopal,22,180,169,19,2,6,14,106.51,12.86,246
AB Agarkar,18,179,154,13,5,6,10,116.23,17.9,247
MW Short,9,177,143,21,5,6,9,123.78,19.67,248
MF Maharoof,14,177,123,12,9,6,10,143.9,17.7,248
C Munro,11,177,141,19,8,6,12,125.53,14.75,248
MD Choudhary,10,170,120,11,12,6,6,141.67,28.33,249
DH Yagnik,17,170,137,23,2,6,10,124.09,17.0,249
CM Gautam,13,169,150,17,6,6,10,112.67,16.9,250
MN van Wyk,5,167,132,19,1,6,3,126.52,55.67,251
DW Steyn,33,167,160,14,3,6,22,104.38,7.59,251
MG Johnson,28,167,164,10,7,6,13,101.83,12.85,251
Suryansh Shedge,10,165,101,9,12,6,7,163.37,23.57,252
PA Reddy,10,164,160,15,2,6,10,102.5,16.4,253
JG Bethell,9,163,116,21,6,6,9,140.52,18.11,254
N Jagadeesan,10,162,147,21,2,6,9,110.2,18.0,255
MN Samuels,14,161,172,9,7,6,13,93.6,12.38,256
RE van der Merwe,15,159,141,11,8,6,11,112.77,14.45,257
R McLaren,13,159,171,14,1,6,8,92.98,19.88,257
V Nigam,10,157,89,18,8,6,8,176.4,19.63,258
Azmatullah Omarzai,11,151,101,11,10,6,10,149.5,15.1,259
J Overton,8,151,93,14,7,6,5,162.37,30.2,259
D Wiese,11,148,101,12,7,6,5,146.53,29.6,260
AD Hales,6,148,118,13,6,6,6,125.42,24.67,260
SM Pollock,8,147,111,12,8,6,8,132.43,18.38,261
S Vidyut,8,145,109,21,3,6,8,133.03,18.13,262
Sachin Baby,11,144,118,11,5,6,9,122.03,16.0,263
Arshad Khan,12,142,95,6,11,6,6,149.47,23.67,264
DL Chahar,20,142,103,8,9,6,10,137.86,14.2,264
N Saini,10,140,141,16,0,4,10,99.29,14.0,265
Anmolpreet Singh,9,139,115,19,3,6,9,120.87,15.44,266
S Anirudha,12,136,113,9,7,6,8,120.35,17.0,267
MJ Santner,21,136,123,9,6,6,8,110.57,17.0,267
GD Phillips,13,132,109,7,8,6,11,121.1,12.0,268
SB Styris,10,131,133,10,3,6,7,98.5,18.71,269
W Jaffer,8,130,121,14,3,6,8,107.44,16.25,270
RD Chahar,22,129,124,13,5,6,16,104.03,8.06,271
Kamran Akmal,6,128,78,13,8,6,5,164.1,25.6,272
P Dogra,12,127,138,4,5,6,11,92.03,11.55,273
UT Khawaja,6,127,100,14,3,6,6,127.0,21.17,273
TK Curran,10,127,107,10,3,6,5,118.69,25.4,273
M Morkel,20,126,90,11,5,6,11,140.0,11.45,274
SS Prabhudessai,10,126,106,11,4,6,10,118.87,12.6,274
MM Sharma,30,125,136,9,4,6,18,91.91,6.94,275
MC Juneja,7,125,128,11,1,6,7,97.66,17.86,275
BB Samantray,8,125,113,13,2,6,5,110.62,25.0,275
B Lee,19,124,97,8,8,6,10,127.84,12.4,276
AB McDonald,9,123,100,9,4,6,5,123.0,24.6,277
Harpreet Singh,8,123,119,10,3,6,7,103.36,17.57,277
NK Patel,6,121,119,14,1,6,4,101.68,30.25,278
S Arora,10,121,77,9,9,6,6,157.14,20.17,278
DL Vettori,16,121,113,11,2,6,8,107.08,15.13,278
TG Southee,19,120,107,8,4,6,13,112.15,9.23,279
AC Blizzard,7,120,90,21,2,6,7,133.33,17.14,279
Misbah-ul-Haq,8,117,81,10,6,6,7,144.44,16.71,280
Z Khan,27,117,141,11,2,6,14,82.98,8.36,280
RJ Harris,21,117,112,6,3,6,12,104.46,9.75,280
Mohammed Siraj,23,117,139,11,4,6,12,84.17,9.75,280
KK Cooper,12,116,68,9,8,6,9,170.59,12.89,281
Mohammed Shami,34,115,111,9,5,6,19,103.6,6.05,282
Aman Hakim Khan,10,115,104,8,6,6,9,110.58,12.78,282
DJM Short,7,115,99,11,5,6,7,116.16,16.43,282
M Kartik,14,113,108,7,1,6,7,104.63,16.14,283
DJ Harris,4,111,101,11,5,6,4,109.9,27.75,284
MA Starc,22,111,121,11,0,4,12,91.74,9.25,284
JDP Oram,11,106,108,6,5,6,8,98.15,13.25,285
LJ Wright,5,106,60,16,3,6,5,176.67,21.2,285
DS Kulkarni,20,104,108,7,2,6,9,96.3,11.56,286
RJ Quiney,7,103,102,12,3,6,7,100.98,14.71,287
SD Chitnis,8,99,89,10,2,6,7,111.24,14.14,288
MS Gony,15,99,71,6,8,6,10,139.44,9.9,288
CJ Ferguson,8,98,117,9,0,4,6,83.76,16.33,289
MJ Clarke,6,98,94,12,0,5,6,104.26,16.33,289
C Bosch,6,97,63,8,5,6,3,153.97,32.33,290
PN Mankad,5,97,73,13,2,6,3,132.88,32.33,290
TA Boult,26,93,85,5,4,6,10,109.41,9.3,291
DJ Jacobs,7,92,98,10,4,6,7,93.88,13.14,292
PR Shah,9,92,91,9,2,6,8,101.1,11.5,292
JDS Neesham,10,92,93,6,2,6,9,98.92,10.22,292
PHKD Mendis,5,92,69,7,2,6,4,133.33,23.0,292
Himmat Singh,5,92,69,5,5,6,3,133.33,30.67,292
RT Ponting,9,91,128,5,2,6,9,71.09,10.11,293
AJ Tye,13,91,76,6,5,6,9,119.74,10.11,293
S Rana,8,91,81,9,1,6,4,112.35,22.75,293
PR Veer,5,90,67,10,3,6,2,134.33,45.0,294
AD Nath,10,90,98,7,2,6,10,91.84,9.0,294
MD Shanaka,8,89,72,5,5,6,7,123.61,12.71,295
Iqbal Abdulla,13,88,84,9,1,6,2,104.76,44.0,296
SL Malinga,20,88,99,6,5,6,16,88.89,5.5,296
AP Majumdar,4,87,76,7,2,6,4,114.47,21.75,297
Ankit Sharma,10,87,67,7,4,6,7,129.85,12.43,297
MJ McClenaghan,20,85,70,5,7,6,13,121.43,6.54,298
RE Levi,6,83,73,10,4,6,6,113.7,13.83,299
NM Coulter-Nile,16,82,72,7,4,6,11,113.89,7.45,300
LA Carseldine,5,81,68,11,0,4,4,119.12,20.25,301
PWH de Silva,19,81,88,7,1,6,15,92.05,5.4,301
CJ Jordan,12,81,77,3,3,6,10,105.19,8.1,301
Shahid Afridi,9,81,46,7,6,6,8,176.09,10.13,301
WPUJC Vaas,11,81,73,2,3,6,8,110.96,10.13,301
RV Patel,7,80,73,6,2,6,5,109.59,16.0,302
AD Mascarenhas,11,79,78,5,1,6,9,101.28,8.78,303
CR Woakes,12,78,77,7,2,6,6,101.3,13.0,304
JR Philippe,5,78,77,9,1,6,4,101.3,19.5,304
AS Roy,14,78,64,6,2,6,8,121.88,9.75,304
KA Jamieson,10,77,73,6,4,6,5,105.48,15.4,305
IR Jaggi,7,76,97,6,0,4,5,78.35,15.2,306
B Akhil,11,76,55,5,5,6,6,138.18,12.67,306
JJ Bumrah,29,75,86,6,1,6,8,87.21,9.38,307
TR Birt,5,75,58,9,2,6,5,129.31,15.0,307
A Kamboj,10,74,52,5,4,6,3,142.31,24.67,308
M Klinger,4,73,77,9,0,4,4,94.81,18.25,309
RR Sarwan,4,73,75,6,1,6,4,97.33,18.25,309
LH Ferguson,8,72,47,7,2,6,3,153.19,24.0,310
SK Rasheed,5,71,63,9,2,6,5,112.7,14.2,311
Vishnu Vinod,7,71,65,4,4,6,6,109.23,11.83,311
J Suchith,9,70,61,6,3,6,4,114.75,17.5,312
AA Bilakhia,7,69,85,5,0,4,5,81.18,13.8,313
Vivrant Sharma,1,69,47,9,2,6,1,146.81,69.0,313
Avesh Khan,16,68,43,7,4,6,4,158.14,17.0,314
RR Powar,9,67,64,6,1,6,3,104.69,22.33,315
R Sharma,19,66,75,5,3,6,14,88.0,4.71,316
HR Shokeen,5,66,65,9,0,4,3,101.54,22.0,316
WD Parnell,13,65,80,4,1,6,10,81.25,6.5,317
Mohammad Hafeez,8,64,83,7,2,6,7,77.11,9.14,318
Anirudh Singh,4,63,66,6,1,6,4,95.45,15.75,319
N Sindhu,5,63,50,7,2,6,5,126.0,12.6,319
A Flintoff,3,62,53,5,2,6,2,116.98,31.0,320
SP Jackson,8,61,57,5,1,6,6,107.02,10.17,321
Sandeep Sharma,26,60,75,4,0,4,6,80.0,10.0,322
S Aravind,10,59,57,7,0,4,4,103.51,14.75,323
Harshit Rana,10,59,56,5,3,6,6,105.36,9.83,323
MG Bracewell,4,58,47,6,1,6,2,123.4,29.0,324
I Sharma,21,57,69,4,2,6,6,82.61,9.5,325
WA Mota,8,56,75,2,0,4,6,74.67,9.33,326
M Rawat,11,55,69,4,1,6,5,79.71,11.0,327
TU Deshpande,10,54,36,2,4,6,4,150.0,13.5,328
PVD Chameera,11,53,45,3,3,6,4,117.78,13.25,329
A Chopra,6,53,71,7,0,4,6,74.65,8.83,329
DJ Willey,5,53,62,7,0,4,2,85.48,26.5,329
Shivang Kumar,6,53,46,6,1,6,6,115.22,8.83,329
RP Singh,28,52,76,2,1,6,15,68.42,3.47,330
Shoaib Malik,5,52,47,5,0,4,4,110.64,13.0,330
R Rampaul,7,51,50,3,2,6,5,102.0,10.2,331
Swapnil Singh,9,51,45,3,3,6,5,113.33,10.2,331
Shivam Mavi,11,51,56,4,2,6,9,91.07,5.67,331
KB Arun Karthik,8,51,51,4,1,6,5,100.0,10.2,331
OF Smith,6,51,44,1,5,6,3,115.91,17.0,331
RV Gomez,9,50,51,5,1,6,5,98.04,10.0,332
VR Aaron,12,50,72,2,2,6,5,69.44,10.0,332
AS Yadav,6,49,39,5,2,6,5,125.64,9.8,333
SB Bangar,7,49,58,1,3,6,7,84.48,7.0,333
AG Paunikar,5,49,58,9,0,4,5,84.48,9.8,333
A Nortje,14,49,50,6,0,4,7,98.0,7.0,333
M Markande,10,48,42,5,1,6,3,114.29,16.0,334
T Kohler-Cadmore,3,48,54,7,1,6,3,88.89,16.0,334
Yashpal Singh,4,47,66,5,0,4,4,71.21,11.75,335
SU Parakh,4,46,33,5,2,6,4,139.39,11.5,336
Ravi Bishnoi,18,45,69,2,2,6,12,65.22,3.75,337
TL Seifert,6,45,41,6,1,6,6,109.76,7.5,337
DR Sams,13,44,44,1,3,6,9,100.0,4.89,338
D Pretorius,5,44,28,3,3,6,4,157.14,11.0,338
Rasikh Salam,7,43,42,5,0,4,5,102.38,8.6,339
Sunny Singh,5,43,31,6,1,6,4,138.71,10.75,339
AB Barath,3,42,42,5,1,6,2,100.0,21.0,340
SK Trivedi,14,42,59,3,1,6,7,71.19,6.0,340
A Nehra,17,41,62,3,1,6,7,66.13,5.86,341
J Yadav,4,40,36,2,1,6,4,111.11,10.0,342
BR Dunk,3,40,35,7,0,4,3,114.29,13.33,342
LPC Silva,3,40,26,5,1,6,2,153.85,20.0,342
XC Bartlett,4,40,28,3,2,6,2,142.86,20.0,342
S Nadeem,20,39,87,2,0,4,14,44.83,2.79,343
DJ Thornely,4,39,53,2,2,6,3,73.58,13.0,343
MM Patel,12,39,41,5,0,4,6,95.12,6.5,343
Umar Gul,4,39,19,1,5,6,3,205.26,13.0,343
AUK Pathan,7,39,23,5,2,6,5,169.57,7.8,343
YS Chahal,17,37,86,0,0,3,7,43.02,5.29,344
S Narwal,4,37,27,6,0,4,3,137.04,12.33,344
Sohail Tanvir,5,36,29,3,1,6,3,124.14,12.0,345
L Balaji,13,36,49,2,1,6,8,73.47,4.5,345
AN Ahmed,6,36,26,4,1,6,1,138.46,36.0,345
Anureet Singh,8,36,47,2,1,6,4,76.6,9.0,345
Joginder Sharma,5,36,30,1,2,6,4,120.0,9.0,345
KW Richardson,4,36,39,2,1,6,3,92.31,12.0,345
RA Bawa,4,35,32,2,0,4,3,109.38,11.67,346
M Ashwin,12,35,50,2,1,6,9,70.0,3.89,346
A Kumble,15,35,47,3,0,4,3,74.47,11.67,346
B Sumanth,4,35,37,3,0,4,1,94.59,35.0,346
Salil Arora,1,35,21,2,2,6,1,166.67,35.0,346
L Ronchi,5,34,34,6,1,6,5,100.0,6.8,347
A Mithun,6,34,26,4,1,6,5,130.77,6.8,347
S Sreesanth,12,34,55,6,0,4,4,61.82,8.5,347
AP Dole,2,34,22,3,1,6,2,154.55,17.0,347
Navdeep Saini,7,33,37,3,0,4,4,89.19,8.25,348
D Salunkhe,3,33,24,5,0,4,2,137.5,16.5,348
Imran Tahir,8,33,37,5,0,4,4,89.19,8.25,348
Basil Thampi,7,32,35,1,1,6,1,91.43,32.0,349
AT Carey,3,32,29,0,1,6,2,110.34,16.0,349
RJ Peterson,5,32,30,3,1,6,3,106.67,10.67,349
Arshdeep Singh,14,32,47,4,0,4,6,68.09,5.33,349
T Taibu,3,31,26,3,0,4,3,119.23,10.33,350
S Sriram,2,31,36,3,0,4,2,86.11,15.5,350
G Coetzee,7,31,33,2,2,6,6,93.94,5.17,350
NS Naik,4,31,50,2,0,4,4,62.0,7.75,350
CV Varun,13,31,53,3,0,4,6,58.49,5.17,350
Noor Ahmad,15,31,58,2,1,6,11,53.45,2.82,350
GF Linde,3,31,21,6,0,4,3,147.62,10.33,350
VH Zol,2,29,26,3,1,6,2,111.54,14.5,351
Akshat Raghuwanshi,2,29,25,1,1,6,2,116.0,14.5,351
J Syed Mohammad,5,29,26,4,0,4,2,111.54,14.5,351
SB Jakati,5,28,29,3,0,4,1,96.55,28.0,352
AS Joseph,5,27,32,3,0,4,1,84.38,27.0,353
AA Kulkarni,4,26,33,3,0,4,4,78.79,6.5,354
JM Kemp,2,26,24,1,1,6,2,108.33,13.0,354
DJ Malan,1,26,26,1,1,6,1,100.0,26.0,354
AB Dinda,16,26,48,2,0,4,10,54.17,2.6,354
NL McCullum,2,26,22,0,1,6,1,118.18,26.0,354
PJ Sangwan,14,26,44,1,0,4,8,59.09,3.25,354
AS Rajpoot,7,26,41,2,1,6,5,63.41,5.2,354
Sanvir Singh,5,25,21,2,1,6,2,119.05,12.5,355
A Choudhary,3,25,20,1,1,6,1,125.0,25.0,355
Akash Deep,5,25,14,2,2,6,3,178.57,8.33,355
AF Milne,7,25,31,0,1,6,4,80.65,6.25,355
Mohsin Khan,7,25,28,2,1,6,5,89.29,5.0,355
S Chanderpaul,3,25,31,4,0,4,3,80.65,8.33,355
Tanush Kotian,1,24,31,3,0,4,1,77.42,24.0,356
MA Khote,3,24,22,2,1,6,2,109.09,12.0,356
Kartik Tyagi,9,24,26,2,1,6,7,92.31,3.43,356
ER Dwivedi,2,24,14,2,2,6,2,171.43,12.0,356
AJ Turner,6,24,28,0,2,6,5,85.71,4.8,356
KC Cariappa,5,24,21,0,2,6,3,114.29,8.0,356
J Arunkumar,3,23,23,5,0,4,3,100.0,7.67,357
BMAJ Mendis,3,23,27,0,0,2,3,85.19,7.67,357
SW Tait,5,23,26,1,1,6,3,88.46,7.67,357
P Dubey,2,23,33,2,0,4,1,69.7,23.0,357
Umran Malik,5,23,16,1,2,6,2,143.75,11.5,357
GB Hogg,4,22,22,1,0,4,3,100.0,7.33,358
HE van der Dussen,3,22,24,2,0,4,2,91.67,11.0,358
SA Abbott,3,22,18,1,2,6,3,122.22,7.33,358
KL Nagarkoti,7,22,33,1,0,4,4,66.67,5.5,358
AU Rashid,2,22,16,2,1,6,2,137.5,11.0,358
Yudhvir Singh,4,22,16,1,2,6,4,137.5,5.5,358
Sediqullah Atal,1,22,16,0,2,6,1,137.5,22.0,358
B Indrajith,3,21,30,2,0,4,3,70.0,7.0,359
Kumar Kushagra,4,21,21,3,0,4,4,100.0,5.25,359
AJ Hosein,3,21,13,1,1,6,0,161.54,21.0,359
DE Bollinger,4,21,23,1,1,6,1,91.3,21.0,359
M Tiwari,2,21,12,2,1,6,1,175.0,21.0,359
M Muralitharan,9,20,30,1,0,4,6,66.67,3.33,360
RR Raje,5,20,18,1,1,6,1,111.11,20.0,360
NJ Maddinson,3,20,21,4,0,4,3,95.24,6.67,360
BKG Mendis,1,20,10,1,2,6,1,200.0,20.0,360
S Kaul,9,20,36,1,0,4,4,55.56,5.0,360
C Sakariya,7,20,31,3,0,4,6,64.52,3.33,360
AC Thomas,4,20,19,1,1,6,2,105.26,10.0,360
R Bishnoi,3,19,17,1,2,6,3,111.76,6.33,361
A Mukund,2,19,22,1,0,4,2,86.36,9.5,361
R Shukla,4,19,23,2,0,4,1,82.61,19.0,361
Gulbadin Naib,1,19,15,1,1,6,1,126.67,19.0,361
NT Ellis,5,19,25,0,1,6,4,76.0,4.75,361
DR Martyn,1,19,24,1,0,4,1,79.17,19.0,361
Y Gnaneswara Rao,1,19,17,3,0,4,1,111.76,19.0,361
P Sahu,2,19,13,1,1,6,1,146.15,19.0,361
P Ray Barman,1,19,24,2,0,4,1,79.17,19.0,361
R Smaran,4,19,25,3,0,4,3,76.0,6.33,361
JR Hazlewood,8,19,30,1,0,4,1,63.33,19.0,361
JJ van der Wath,3,18,16,1,1,6,2,112.5,9.0,362
BJ Haddin,1,18,11,2,1,6,1,163.64,18.0,362
Saurav Chauhan,3,18,15,1,1,6,3,120.0,6.0,362
Arjun Tendulkar,2,18,14,0,1,6,1,128.57,18.0,362
Naveen-ul-Haq,4,18,25,2,0,4,1,72.0,18.0,362
T Banton,2,18,20,1,1,6,2,90.0,9.0,362
DS Lehmann,2,18,18,3,0,4,2,100.0,9.0,362
Harmeet Singh,4,18,12,3,0,4,4,150.0,4.5,362
Sumit Kumar,3,18,24,2,1,6,2,75.0,9.0,362
R Sai Kishore,4,18,16,0,2,6,4,112.5,4.5,362
PV Tambe,6,18,39,1,0,4,2,46.15,9.0,362
KMA Paul,5,18,24,1,1,6,5,75.0,3.6,362
M Theekshana,6,17,34,0,1,6,3,50.0,5.67,363
Parvez Rasool,4,17,20,1,0,4,2,85.0,8.5,363
JA Richardson,3,17,26,2,0,4,3,65.38,5.67,363
KS Sharma,3,16,25,1,0,4,3,64.0,5.33,364
PP Ojha,19,16,45,0,0,2,12,35.56,1.33,364
Vijaykumar Vyshak,6,16,16,0,1,6,2,100.0,8.0,364
CK Kapugedera,3,16,23,0,0,2,3,69.57,5.33,364
YV Dhull,3,16,23,1,0,4,3,69.57,5.33,364
M Prasidh Krishna,8,15,31,1,0,4,3,48.39,5.0,365
VY Mahesh,5,15,27,0,0,2,2,55.56,7.5,365
A Zampa,5,15,24,1,0,4,5,62.5,3.0,365
JL Pattinson,2,15,13,2,0,4,1,115.38,15.0,365
Virat Singh,2,15,26,1,0,4,2,57.69,7.5,365
I Udana,4,15,11,1,1,6,3,136.36,5.0,365
SD Lad,1,15,13,1,1,6,1,115.38,15.0,365
C Madan,1,15,19,3,0,4,1,78.95,15.0,365
GR Napier,1,15,16,1,0,4,1,93.75,15.0,365
FA Allen,3,14,19,1,0,4,2,73.68,7.0,366
N Burger,3,14,9,0,1,6,1,155.56,14.0,366
MDKJ Perera,2,14,13,3,0,4,2,107.69,7.0,366
F Behardien,3,14,13,2,0,4,2,107.69,7.0,366
Auqib Nabi,2,14,4,2,1,6,1,350.0,14.0,366
MP Breetzke,1,14,12,1,1,6,1,116.67,14.0,366
Mustafizur Rahman,7,13,24,0,1,6,2,54.17,6.5,367
S Badree,5,13,23,0,0,2,5,56.52,2.6,367
Harsh Dubey,4,13,9,2,0,4,2,144.44,6.5,367
DT Patil,2,13,13,1,0,4,2,100.0,6.5,367
KJ Abbott,3,13,8,0,1,6,1,162.5,13.0,367
DR Shorey,2,13,17,0,1,6,2,76.47,6.5,367
Karanveer Singh,4,12,17,1,0,4,1,70.59,12.0,368
R Minz,4,12,19,1,0,4,3,63.16,4.0,368
K Upadhyay,2,12,9,0,1,6,0,133.33,12.0,368
T Thushara,4,12,18,0,0,2,2,66.67,6.0,368
AA Chavan,3,12,11,2,0,4,2,109.09,6.0,368
Mujeeb Ur Rahman,6,12,15,2,0,4,3,80.0,4.0,368
K Kartikeya,4,12,17,1,0,4,4,70.59,3.0,368
AR Bawne,1,12,12,1,0,4,0,100.0,12.0,368
T Dahiya,2,12,15,2,0,4,2,80.0,6.0,368
MA Wood,3,12,8,1,1,6,2,150.0,6.0,368
DAJ Bracewell,1,12,9,1,0,4,0,133.33,12.0,368
DG Nalkande,2,12,12,0,1,6,2,100.0,6.0,368
DNT Zoysa,2,11,9,1,0,4,1,122.22,11.0,369
T Kohli,3,11,19,0,1,6,3,57.89,3.67,369
M Ntini,2,11,18,2,0,4,1,61.11,11.0,369
T Henderson,2,11,16,0,1,6,2,68.75,5.5,369
J Theron,4,10,12,1,0,4,2,83.33,5.0,370
RK Bhui,4,10,26,0,0,2,4,38.46,2.5,370
D du Preez,1,10,13,0,0,2,1,76.92,10.0,370
TD Paine,2,10,26,0,0,1,2,38.46,5.0,370
BB Sran,7,10,14,0,0,2,1,71.43,10.0,370
AG Murtaza,3,10,14,1,0,4,1,71.43,10.0,370
Krish Bhagat,2,10,21,0,0,2,1,47.62,10.0,370
KAJ Roach,1,10,9,1,0,4,1,111.11,10.0,370
Mukesh Kumar,5,10,18,0,0,1,1,55.56,10.0,370
SMSM Senanayake,4,10,17,0,0,2,1,58.82,10.0,370
VG Arora,11,10,27,0,0,2,4,37.04,2.5,370
X Thalaivan Sargunam,1,10,17,0,0,2,1,58.82,10.0,370
JE Root,1,10,15,1,0,4,1,66.67,10.0,370
Simarjeet Singh,6,10,15,0,0,2,3,66.67,3.33,370
L Wood,1,9,3,0,1,6,0,300.0,9.0,371
AA Noffke,1,9,10,1,0,4,1,90.0,9.0,371
SM Harwood,2,9,14,0,0,2,0,64.29,9.0,371
PWA Mulder,1,9,11,1,0,4,1,81.82,9.0,371
CK Langeveldt,2,8,9,0,1,6,2,88.89,4.0,372
JPR Scantlebury-Searles,2,8,6,0,1,6,1,133.33,8.0,372
KT Maphaka,1,8,2,2,0,4,0,400.0,8.0,372
Jaskaran Singh,4,8,11,0,0,2,1,72.73,8.0,372
Mukesh Choudhary,3,8,8,1,0,4,1,100.0,8.0,372
TS Mills,5,8,14,0,1,6,4,57.14,2.0,372
SH Johnson,6,8,12,1,0,4,1,66.67,8.0,372
CJ McKay,1,8,15,0,0,2,1,53.33,8.0,372
P Chopra,1,8,6,2,0,4,1,133.33,8.0,372
TM Srivastava,3,8,11,0,0,3,1,72.73,8.0,372
Akash Madhwal,2,8,14,0,0,2,0,57.14,8.0,372
OC McCoy,1,8,5,0,1,6,1,160.0,8.0,372
Pankaj Singh,5,7,12,0,0,2,2,58.33,3.5,373
Ankit Soni,3,7,9,0,1,6,2,77.78,3.5,373
V Viyaskanth,1,7,5,0,0,3,0,140.0,7.0,373
VS Malik,2,7,7,1,0,4,1,100.0,7.0,373
MJ Henry,2,7,10,1,0,4,2,70.0,3.5,373
LG Pretorius,2,7,8,0,0,2,2,87.5,3.5,373
E Malinga,3,7,17,0,0,1,1,41.18,7.0,373
AN Ghosh,2,7,8,1,0,4,2,87.5,3.5,373
I Malhotra,1,7,4,1,0,4,0,175.0,7.0,373
UA Birla,1,7,14,1,0,4,1,50.0,7.0,373
IS Sodhi,2,7,17,0,0,1,2,41.18,3.5,373
BA Bhatt,2,6,7,0,1,6,1,85.71,6.0,374
PSP Handscomb,1,6,12,0,0,1,1,50.0,6.0,374
DA Payne,1,6,5,0,0,2,0,120.0,6.0,374
DM Bravo,1,6,5,1,0,4,0,120.0,6.0,374
SB Joshi,2,6,14,0,0,1,2,42.86,3.0,374
JP Behrendorff,2,6,9,0,0,1,0,66.67,6.0,374
SS Shaikh,1,6,7,1,0,4,1,85.71,6.0,374
SJ Srivastava,4,5,5,0,0,2,1,100.0,5.0,375
B Laughlin,4,5,13,0,0,1,2,38.46,2.5,375
Arshad Khan (2),1,5,4,1,0,4,1,125.0,5.0,375
Sakib Hussain,1,5,7,1,0,4,0,71.43,5.0,375
P Awana,5,5,14,0,0,1,2,35.71,2.5,375
KMDN Kulasekara,1,5,3,1,0,4,0,166.67,5.0,375
Fazalhaq Farooqi,3,5,15,0,0,1,0,33.33,5.0,375
MP Yadav,1,5,5,1,0,4,1,100.0,5.0,375
Prince Yadav,3,5,11,0,0,1,0,45.45,5.0,375
Shivam Sharma,2,5,3,1,0,4,1,166.67,5.0,375
B Stanlake,1,5,2,1,0,4,0,250.0,5.0,375
Liton Das,1,4,4,1,0,4,1,100.0,4.0,376
A Tomar,1,4,8,1,0,4,1,50.0,4.0,376
SR Dubey,1,4,2,1,0,4,0,200.0,4.0,376
A Chandila,2,4,7,0,0,1,0,57.14,4.0,376
Ravi Singh,1,4,2,1,0,4,1,200.0,4.0,376
RS Sodhi,1,4,2,1,0,4,0,200.0,4.0,376
CRD Fernando,2,4,3,0,0,2,0,133.33,4.0,376
A Dananjaya,1,4,5,0,0,2,0,80.0,4.0,376
FH Edwards,2,4,5,0,0,3,1,80.0,4.0,376
GD McGrath,2,4,5,1,0,4,1,80.0,4.0,376
DP Nannes,2,4,13,0,0,1,1,30.77,4.0,376
T Natarajan,3,4,7,0,0,1,0,57.14,4.0,376
Yash Dayal,4,4,9,0,0,2,3,44.44,1.33,376
L Ngidi,4,4,9,0,0,2,2,44.44,2.0,376
VRV Singh,2,4,3,1,0,4,2,133.33,2.0,376
A Uniyal,2,4,7,0,0,1,1,57.14,4.0,376
R Ninan,1,3,6,0,0,1,1,50.0,3.0,377
D Kalyankrishna,1,3,8,0,0,1,1,37.5,3.0,377
Kamran Khan,1,3,5,0,0,2,1,60.0,3.0,377
BAW Mendis,3,3,6,0,0,1,2,50.0,1.5,377
JE Taylor,2,3,3,0,0,2,1,100.0,3.0,377
Younis Khan,1,3,7,0,0,1,1,42.86,3.0,377
GC Viljoen,3,3,7,0,0,2,2,42.86,1.5,377
Mohammad Asif,2,3,6,0,0,1,2,50.0,1.5,377
RJW Topley,1,3,6,0,0,1,0,50.0,3.0,377
DS Rathi,3,3,8,0,0,1,1,37.5,3.0,377
PP Hinge,2,3,9,0,0,2,1,33.33,3.0,377
S Tyagi,1,3,4,0,0,1,1,75.0,3.0,377
Shoaib Akhtar,1,2,7,0,0,1,1,28.57,2.0,378
KP Appanna,3,2,4,0,0,1,1,50.0,2.0,378
GHS Garton,2,2,4,0,0,1,1,50.0,2.0,378
RJ Gleeson,1,2,2,0,0,2,0,100.0,2.0,378
Shivam Singh,1,2,3,0,0,1,0,66.67,2.0,378
Brijesh Sharma,2,2,4,0,0,1,0,50.0,2.0,378
Mashrafe Mortaza,1,2,2,0,0,2,0,100.0,2.0,378
VS Yeligati,1,2,2,0,0,2,1,100.0,2.0,378
H Das,1,2,5,0,0,1,1,40.0,2.0,378
KK Ahmed,6,2,9,0,0,1,5,22.22,0.4,378
Mohammad Ashraful,1,2,10,0,0,1,1,20.0,2.0,378
DV Malewar,2,2,5,0,0,1,2,40.0,1.0,378
AM Ghazanfar,1,2,3,0,0,1,0,66.67,2.0,378
A Singh,5,2,10,0,0,1,4,20.0,0.5,378
RS Gavaskar,1,2,8,0,0,1,1,25.0,2.0,378
S Randiv,1,2,4,0,0,2,1,50.0,2.0,378
SB Wagh,2,2,3,0,0,2,2,66.67,1.0,378
RG More,1,2,2,0,0,1,0,100.0,2.0,378
T Shamsi,1,2,4,0,0,1,0,50.0,2.0,378
BR Sharath,1,2,5,0,0,1,1,40.0,2.0,378
P Parameswaran,2,1,2,0,0,1,0,50.0,1.0,379
NJ Rimmington,1,1,1,0,0,1,0,100.0,1.0,379
LB Williams,1,1,2,0,0,1,0,50.0,1.0,379
SS Mishra,1,1,3,0,0,1,0,33.33,1.0,379
PM Sarvesh Kumar,1,1,2,0,0,1,0,50.0,1.0,379
BE Hendricks,2,1,3,0,0,1,1,33.33,1.0,379
SE Bond,1,1,2,0,0,1,1,50.0,1.0,379
Ashwani Kumar,1,1,6,0,0,1,0,16.67,1.0,379
DJ Muthuswami,1,1,3,0,0,1,1,33.33,1.0,379
KA Maharaj,1,1,2,0,0,1,1,50.0,1.0,379
MS Bhandage,1,1,4,0,0,1,1,25.0,1.0,379
LE Plunkett,2,1,3,0,0,1,1,33.33,1.0,379
DP Vijaykumar,1,1,1,0,0,1,0,100.0,1.0,379
M de Lange,1,1,2,0,0,1,1,50.0,1.0,379
HF Gurney,1,1,5,0,0,1,0,20.0,1.0,379
SZ Mulani,1,1,1,0,0,1,0,100.0,1.0,379
Abdul Basith,1,1,1,0,0,1,0,100.0,1.0,379
PVSN Raju,1,1,1,0,0,1,0,100.0,1.0,379
Shoaib Ahmed,3,1,6,0,0,1,2,16.67,0.5,379
Mohit Rathee,1,1,2,0,0,1,0,50.0,1.0,379
Ashok Sharma,2,1,4,0,0,1,0,25.0,1.0,379
MJ Suthar,1,1,2,0,0,1,1,50.0,1.0,379
S Ladda,2,0,9,0,0,0,1,0.0,0.0,380
IC Pandey,1,0,2,0,0,0,1,0.0,0.0,380
Y Prithvi Raj,1,0,1,0,0,0,0,0.0,0.0,380
S Kaushik,1,0,1,0,0,0,1,0.0,0.0,380
JL Denly,1,0,1,0,0,0,1,0.0,0.0,380
RP Meredith,2,0,3,0,0,0,0,0.0,0.0,380
KM Asif,1,0,2,0,0,0,1,0.0,0.0,380
Musheer Khan,1,0,3,0,0,0,1,0.0,0.0,380
R Sanjay Yadav,1,0,2,0,0,0,1,0.0,0.0,380
U Kaul,1,0,1,0,0,0,0,0.0,0.0,380
Abdur Razzak,1,0,2,0,0,0,0,0.0,0.0,380
Sunny Gupta,1,0,1,0,0,0,1,0.0,0.0,380
S Lamichhane,1,0,1,0,0,0,1,0.0,0.0,380
KR Sen,1,0,3,0,0,0,0,0.0,0.0,380
MJ Owen,1,0,2,0,0,0,1,0.0,0.0,380
K Yadav,1,0,4,0,0,0,0,0.0,0.0,380
YA Abdulla,1,0,1,0,0,0,0,0.0,0.0,380
ND Doshi,1,0,13,0,0,0,1,0.0,0.0,380
RR Bhatkal,1,0,2,0,0,0,1,0.0,0.0,380
L Ablish,1,0,2,0,0,0,0,0.0,0.0,380
KS Rathore,1,0,5,0,0,0,1,0.0,0.0,380
C Nanda,1,0,1,0,0,0,1,0.0,0.0,380
V Pratap Singh,1,0,1,0,0,0,1,0.0,0.0,380
SS Cottrell,1,0,2,0,0,0,1,0.0,0.0,380
Mayank Dagar,1,0,1,0,0,0,1,0.0,0.0,380
