bowler,matches,legal_balls,runs_conceded,wickets,dot_balls,overs,economy_rate,bowling_strike_rate,all_time_rank
YS Chahal,184,4037,5501,233,1319,672.8,8.18,17.33,1
B Kumar,206,4600,6045,226,1897,766.7,7.88,20.35,2
SP Narine,200,4660,5379,209,1786,776.7,6.93,22.3,3
PP Chawla,191,3850,5179,192,1325,641.7,8.07,20.05,4
JJ Bumrah,158,3653,4582,190,1458,608.8,7.53,19.23,5
R Ashwin,217,4710,5721,187,1606,785.0,7.29,25.19,6
DJ Bravo,158,3120,4436,183,998,520.0,8.53,17.05,7
RA Jadeja,237,4254,5525,180,1342,709.0,7.79,23.63,8
Rashid Khan,153,3543,4390,179,1257,590.5,7.43,19.79,9
A Mishra,162,3371,4193,174,1185,561.8,7.46,19.37,10
SL Malinga,122,2827,3486,170,1144,471.2,7.4,16.63,11
Sandeep Sharma,142,3163,4359,151,1205,527.2,8.27,20.95,12
K Rabada,101,2299,3447,151,906,383.2,9.0,15.23,13
HV Patel,121,2506,3801,151,807,417.7,9.1,16.6,14
Harbhajan Singh,160,3416,4101,150,1263,569.3,7.2,22.77,15
TA Boult,124,2784,3994,145,1135,464.0,8.61,19.2,16
Mohammed Shami,132,2920,4302,145,1166,486.7,8.84,20.14,17
UT Yadav,147,3056,4442,144,1186,509.3,8.72,21.22,18
AR Patel,173,3585,4503,139,1167,597.5,7.54,25.79,19
MM Sharma,119,2403,3537,134,813,400.5,8.83,17.93,20
Mohammed Siraj,125,2672,4004,128,1111,445.3,8.99,20.88,21
AD Russell,121,1806,2909,123,612,301.0,9.66,14.68,22
SN Thakur,109,2202,3554,119,735,367.0,9.68,18.5,23
JD Unadkat,115,2351,3541,114,757,391.8,9.04,20.62,24
Kuldeep Yadav,107,2286,3189,112,684,381.0,8.37,20.41,25
CV Varun,94,2134,2795,111,773,355.7,7.86,19.23,26
Arshdeep Singh,95,2032,3166,111,714,338.7,9.35,18.31,27
KH Pandya,147,2701,3451,107,845,450.2,7.67,25.24,28
A Nehra,88,1908,2537,106,798,318.0,7.98,18.0,29
R Vinay Kumar,104,2127,3041,105,763,354.5,8.58,20.26,30
Z Khan,99,2200,2860,102,873,366.7,7.8,21.57,31
DW Steyn,95,2182,2583,97,1019,363.7,7.1,22.49,32
CH Morris,81,1726,2377,96,668,287.7,8.26,17.98,33
DL Chahar,103,2068,2890,96,871,344.7,8.38,21.54,34
I Sharma,117,2419,3465,96,999,403.2,8.59,25.2,35
Avesh Khan,82,1767,2775,93,610,294.5,9.42,19.0,36
SR Watson,105,2029,2742,92,803,338.2,8.11,22.05,37
KK Ahmed,76,1657,2521,91,683,276.2,9.13,18.21,38
M Prasidh Krishna,78,1739,2655,91,688,289.8,9.16,19.11,39
P Kumar,119,2524,3342,90,1075,420.7,7.94,28.04,40
RP Singh,82,1775,2417,90,744,295.8,8.17,19.72,41
PP Ojha,90,1899,2399,89,667,316.5,7.58,21.34,42
PJ Cummins,80,1809,2746,87,645,301.5,9.11,20.79,43
DS Kulkarni,92,1787,2513,86,742,297.8,8.44,20.78,44
JA Morkel,87,1723,2409,85,646,287.2,8.39,20.27,45
JC Archer,68,1578,2221,84,677,263.0,8.44,18.79,46
Ravi Bishnoi,85,1789,2522,83,599,298.2,8.46,21.55,47
KV Sharma,87,1585,2263,83,507,264.2,8.57,19.1,48
Imran Tahir,59,1316,1729,82,437,219.3,7.88,16.05,49
HH Pandya,116,1764,2802,82,584,294.0,9.53,21.51,50
IK Pathan,101,2043,2711,80,835,340.5,7.96,25.54,51
M Morkel,70,1629,2136,77,708,271.5,7.87,21.16,52
L Balaji,73,1512,2083,76,537,252.0,8.27,19.89,53
MA Starc,56,1196,1813,76,470,199.3,9.1,15.74,54
RD Chahar,79,1694,2220,75,580,282.3,7.86,22.59,55
MM Patel,63,1355,1733,74,590,225.8,7.67,18.31,56
T Natarajan,73,1553,2411,73,465,258.8,9.31,21.27,57
JR Hazlewood,52,1176,1725,72,494,196.0,8.8,16.33,58
R Bhatia,91,1636,2059,71,436,272.7,7.55,23.04,59
MJ McClenaghan,56,1274,1839,71,507,212.3,8.66,17.94,60
JO Holder,57,1225,1781,70,413,204.2,8.72,17.5,61
AB Dinda,75,1516,2103,69,627,252.7,8.32,21.97,62
KA Pollard,107,1488,2200,69,405,248.0,8.87,21.57,63
SK Trivedi,75,1506,1944,65,492,251.0,7.75,23.17,64
JH Kallis,89,1742,2348,65,601,290.3,8.09,26.8,65
Mustafizur Rahman,60,1364,1879,65,487,227.3,8.27,20.98,66
M Muralitharan,66,1528,1765,64,600,254.7,6.93,23.88,67
Shakib Al Hasan,70,1484,1864,63,504,247.3,7.54,23.56,68
MG Johnson,54,1235,1740,62,535,205.8,8.45,19.92,69
Noor Ahmad,51,1098,1531,61,358,183.0,8.37,18.0,70
JP Faulkner,60,1238,1849,61,399,206.3,8.96,20.3,71
A Nortje,49,1120,1740,61,422,186.7,9.32,18.36,72
SM Curran,63,1253,2059,59,394,208.8,9.86,21.24,73
S Kaul,55,1209,1772,58,387,201.5,8.79,20.84,74
SK Warne,54,1194,1465,57,426,199.0,7.36,20.95,75
TU Deshpande,53,1103,1899,55,377,183.8,10.33,20.05,76
LH Ferguson,52,1092,1699,54,396,182.0,9.34,20.22,77
S Gopal,51,991,1358,52,317,165.2,8.22,19.06,78
S Nadeem,70,1415,1800,48,453,235.8,7.63,29.48,79
NM Coulter-Nile,38,857,1125,48,368,142.8,7.88,17.85,80
SB Jakati,57,1085,1474,47,337,180.8,8.15,23.09,81
TG Southee,54,1206,1774,47,447,201.0,8.83,25.66,82
M Pathirana,33,710,1056,47,240,118.3,8.92,15.11,83
VG Arora,42,866,1425,47,306,144.3,9.87,18.43,84
PWH de Silva,37,798,1134,46,264,133.0,8.53,17.35,85
MP Stoinis,75,935,1575,46,249,155.8,10.11,20.33,86
A Kumble,42,965,1089,45,374,160.8,6.77,21.44,87
RJ Harris,37,832,1085,45,364,138.7,7.82,18.49,88
S Aravind,38,760,1057,45,290,126.7,8.34,16.89,89
M Jansen,47,1017,1672,45,361,169.5,9.86,22.6,90
VR Aaron,50,994,1527,44,387,165.7,9.22,22.59,91
YK Pathan,82,1147,1443,42,393,191.2,7.55,27.31,92
MC Henriques,60,950,1302,42,306,158.3,8.22,22.62,93
L Ngidi,27,620,883,42,238,103.3,8.55,14.76,94
AJ Tye,30,684,1005,42,208,114.0,8.82,16.29,95
Mukesh Kumar,42,824,1475,42,270,137.3,10.74,19.62,96
MM Ali,57,854,1036,41,295,142.3,7.28,20.83,97
GJ Maxwell,85,1022,1422,41,328,170.3,8.35,24.93,98
Yash Dayal,43,871,1412,41,307,145.2,9.73,21.24,99
R Sharma,44,928,1100,40,334,154.7,7.11,23.2,100
Iqbal Abdulla,48,920,1125,40,331,153.3,7.34,23.0,101
Washington Sundar,68,1174,1531,40,385,195.7,7.82,29.35,102
S Sreesanth,44,880,1221,40,399,146.7,8.33,22.0,103
Harshit Rana,32,649,1047,40,247,108.2,9.68,16.23,104
P Awana,33,747,1046,39,293,124.5,8.4,19.15,105
DT Christian,49,883,1218,38,296,147.2,8.28,23.24,106
Mohsin Khan,30,654,933,38,272,109.0,8.56,17.21,107
PJ Sangwan,42,856,1267,38,319,142.7,8.88,22.53,108
DE Bollinger,27,576,716,37,254,96.0,7.46,15.57,109
Harpreet Brar,48,859,1157,37,285,143.2,8.08,23.22,110
MR Marsh,34,560,803,37,181,93.3,8.6,15.14,111
MS Gony,44,888,1317,37,348,148.0,8.9,24.0,112
M Markande,40,750,1157,37,215,125.0,9.26,20.27,113
Yuvraj Singh,73,869,1091,36,258,144.8,7.53,24.14,114
M Theekshana,38,876,1226,36,260,146.0,8.4,24.33,115
WD Parnell,33,723,968,35,296,120.5,8.03,20.66,116
M Ashwin,44,870,1182,35,283,145.0,8.15,24.86,117
P Negi,42,716,954,34,237,119.3,7.99,21.06,118
KK Cooper,25,576,789,33,184,96.0,8.22,17.45,119
R Sai Kishore,27,465,701,33,136,77.5,9.05,14.09,120
E Malinga,22,486,754,33,167,81.0,9.31,14.73,121
Kartik Tyagi,33,728,1224,33,255,121.3,10.09,22.06,122
R Tewatia,52,843,1117,32,264,140.5,7.95,26.34,123
M Kartik,55,1149,1418,31,382,191.5,7.4,37.06,124
A Zampa,22,467,656,31,139,77.8,8.43,15.06,125
NLTC Perera,36,698,1031,31,227,116.3,8.86,22.52,126
A Kamboj,25,491,823,31,186,81.8,10.06,15.84,127
MJ Santner,35,687,870,30,241,114.5,7.6,22.9,128
Shivam Mavi,32,649,958,30,254,108.2,8.86,21.63,129
CR Woakes,21,440,674,30,161,73.3,9.19,14.67,130
CJ Jordan,34,674,1111,30,206,112.3,9.89,22.47,131
Azhar Mahmood,23,537,707,29,199,89.5,7.9,18.52,132
AB Agarkar,42,782,1174,29,254,130.3,9.01,26.97,133
Umran Malik,26,493,785,29,205,82.2,9.55,17.0,134
Rasikh Salam,25,488,819,29,151,81.3,10.07,16.83,135
DL Vettori,34,777,894,28,270,129.5,6.9,27.75,136
DP Nannes,29,646,815,28,285,107.7,7.57,23.07,137
PV Tambe,33,660,866,28,204,110.0,7.87,23.57,138
A Singh,23,473,639,28,189,78.8,8.11,16.89,139
BA Stokes,38,689,1023,28,228,114.8,8.91,24.61,140
MF Maharoof,20,420,532,27,165,70.0,7.6,15.56,141
Harmeet Singh,28,549,747,27,201,91.5,8.16,20.33,142
AD Mathews,44,791,1095,27,224,131.8,8.31,29.3,143
Suyash Sharma,39,803,1215,27,249,133.8,9.08,29.74,144
Shahbaz Ahmed,50,655,1083,27,168,109.2,9.92,24.26,145
Yash Thakur,22,467,837,27,146,77.8,10.75,17.3,146
DR Smith,46,539,825,26,168,89.8,9.18,20.73,147
Vijaykumar Vyshak,25,519,910,26,142,86.5,10.52,19.96,148
J Botha,34,694,818,25,254,115.7,7.07,27.76,149
SK Raina,69,908,1139,25,280,151.3,7.53,36.32,150
B Lee,38,875,1126,25,374,145.8,7.72,35.0,151
R Dhawan,36,662,922,25,205,110.3,8.36,26.48,152
Naveen-ul-Haq,17,387,602,25,133,64.5,9.33,15.48,153
Mukesh Choudhary,24,483,780,25,198,80.5,9.69,19.32,154
Navdeep Saini,32,670,1006,24,277,111.7,9.01,27.92,155
AS Rajpoot,29,529,844,24,192,88.2,9.57,22.04,156
JP Duminy,49,678,847,23,234,113.0,7.5,29.48,157
GB Hogg,21,458,585,23,159,76.3,7.66,19.91,158
SW Tait,21,473,668,23,200,78.8,8.47,20.57,159
C Green,39,571,916,23,192,95.2,9.63,24.83,160
Akash Madhwal,17,352,598,23,105,58.7,10.19,15.3,161
Sohail Tanvir,11,247,275,22,121,41.2,6.68,11.23,162
STR Binny,63,594,763,22,199,99.0,7.71,27.0,163
BW Hilfenhaus,17,372,497,22,173,62.0,8.02,16.91,164
Basil Thampi,25,521,862,22,152,86.8,9.93,23.68,165
RE van der Merwe,21,443,515,21,148,73.8,6.98,21.1,166
K Gowtham,35,588,825,21,206,98.0,8.42,28.0,167
VY Mahesh,17,339,511,21,120,56.5,9.04,16.14,168
AS Joseph,22,434,707,21,162,72.3,9.77,20.67,169
N Burger,18,363,617,21,146,60.5,10.2,17.29,170
A Symonds,30,527,694,20,190,87.8,7.9,26.35,171
Mujeeb Ur Rahman,20,446,626,20,151,74.3,8.42,22.3,172
C Sakariya,20,444,649,20,146,74.0,8.77,22.2,173
AD Mascarenhas,13,308,365,19,124,51.3,7.11,16.21,174
KW Richardson,15,335,479,19,129,55.8,8.58,17.63,175
J Suchith,21,420,604,19,140,70.0,8.63,22.11,176
NT Ellis,17,378,553,19,117,63.0,8.78,19.89,177
DS Rathi,23,546,834,19,149,91.0,9.16,28.74,178
JP Behrendorff,17,366,563,19,139,61.0,9.23,19.26,179
Prince Yadav,20,450,695,19,156,75.0,9.27,23.68,180
RP Meredith,18,388,621,19,147,64.7,9.6,20.42,181
WPUJC Vaas,13,282,364,18,128,47.0,7.74,15.67,182
IC Pandey,24,462,609,18,212,77.0,7.91,25.67,183
CH Gayle,38,554,755,18,180,92.3,8.18,30.78,184
A Ashish Reddy,20,262,400,18,79,43.7,9.16,14.56,185
Anureet Singh,22,412,636,18,139,68.7,9.26,22.89,186
BB Sran,24,483,767,18,168,80.5,9.53,26.83,187
Arshad Khan,24,364,675,18,133,60.7,11.13,20.22,188
CRD Fernando,10,234,306,17,99,39.0,7.85,13.76,189
BJ Hodge,20,234,310,17,75,39.0,7.95,13.76,190
Bipul Sharma,28,426,581,17,131,71.0,8.18,25.06,191
Ashwani Kumar,10,183,336,17,57,30.5,11.02,10.76,192
R Shepherd,28,360,719,17,98,60.0,11.98,21.18,193
R Rampaul,12,268,319,16,130,44.7,7.14,16.75,194
D Wiese,15,296,447,16,82,49.3,9.06,18.5,195
KA Jamieson,15,300,508,16,114,50.0,10.16,18.75,196
Mohammad Nabi,23,417,527,15,146,69.5,7.58,27.8,197
RG Sharma,32,339,462,15,88,56.5,8.18,22.6,198
LR Shukla,27,314,458,15,109,52.3,8.75,20.93,199
YA Abdulla,11,209,311,15,88,34.8,8.93,13.93,200
AS Roy,22,323,482,15,106,53.8,8.95,21.53,201
Sakib Hussain,11,252,399,15,86,42.0,9.5,16.8,202
Azmatullah Omarzai,18,354,579,15,118,59.0,9.81,23.6,203
AM Ghazanfar,11,233,390,15,69,38.8,10.04,15.53,204
G Coetzee,14,273,490,15,90,45.5,10.77,18.2,205
AC Thomas,15,315,416,14,126,52.5,7.92,22.5,206
DR Sams,16,360,528,14,142,60.0,8.8,25.71,207
JR Hopes,20,360,562,14,105,60.0,9.37,25.71,208
SJ Srivastava,14,282,444,14,103,47.0,9.45,20.14,209
KR Sen,12,241,396,14,83,40.2,9.86,17.21,210
Brijesh Sharma,13,273,452,14,84,45.5,9.93,19.5,211
J Overton,13,204,338,14,64,34.0,9.94,14.57,212
PP Hinge,7,156,307,14,60,26.0,11.81,11.14,213
RR Powar,26,426,538,13,166,71.0,7.58,32.77,214
CK Langeveldt,7,156,199,13,69,26.0,7.65,12.0,215
ST Jayasuriya,21,294,396,13,83,49.0,8.08,22.62,216
S Lamichhane,9,210,297,13,75,35.0,8.49,16.15,217
LS Livingstone,27,312,471,13,81,52.0,9.06,24.0,218
CR Brathwaite,16,254,384,13,74,42.3,9.07,19.54,219
C Bosch,8,163,253,13,67,27.2,9.31,12.54,220
Akash Singh,12,247,406,13,91,41.2,9.86,19.0,221
V Nigam,18,288,478,13,85,48.0,9.96,22.15,222
PVD Chameera,20,396,658,13,151,66.0,9.97,30.46,223
Harsh Dubey,11,192,328,13,54,32.0,10.25,14.77,224
Nithish Kumar Reddy,26,325,581,13,92,54.2,10.73,25.0,225
TK Curran,13,238,432,13,57,39.7,10.89,18.31,226
GD McGrath,14,324,366,12,153,54.0,6.78,27.0,227
Ankit Sharma,21,367,453,12,137,61.2,7.41,30.58,228
BA Bhatt,15,296,408,12,93,49.3,8.27,24.67,229
K Kartikeya,16,282,412,12,85,47.0,8.77,23.5,230
Umar Gul,6,135,198,12,51,22.5,8.8,11.25,231
AN Ahmed,17,344,515,12,120,57.3,8.98,28.67,232
VRV Singh,18,360,549,12,114,60.0,9.15,30.0,233
R McLaren,18,354,558,12,116,59.0,9.46,29.5,234
Karanveer Singh,9,204,323,12,64,34.0,9.5,17.0,235
Joginder Sharma,15,256,421,12,71,42.7,9.87,21.33,236
A Chandila,12,234,245,11,103,39.0,6.28,21.27,237
SM Pollock,13,276,307,11,130,46.0,6.67,25.09,238
S Badree,12,258,329,11,109,43.0,7.65,23.45,239
J Theron,10,221,311,11,68,36.8,8.44,20.09,240
AB McDonald,10,186,263,11,50,31.0,8.48,16.91,241
RS Bopara,14,206,301,11,61,34.3,8.77,18.73,242
J Little,11,228,341,11,82,38.0,8.97,20.73,243
DJG Sammy,19,236,354,11,72,39.3,9.0,21.45,244
JL Pattinson,10,213,321,11,77,35.5,9.04,19.36,245
Abhishek Sharma,36,365,558,11,97,60.8,9.17,33.18,246
Pankaj Singh,17,300,472,11,111,50.0,9.44,27.27,247
OC McCoy,8,161,255,11,49,26.8,9.5,14.64,248
MA Wood,5,120,192,11,47,20.0,9.6,10.91,249
TS Mills,10,209,349,11,69,34.8,10.02,19.0,250
Simarjeet Singh,14,240,411,11,102,40.0,10.28,21.82,251
CJ Anderson,22,297,525,11,79,49.5,10.61,27.0,252
SC Ganguly,20,276,370,10,75,46.0,8.04,27.6,253
DJ Hooda,34,379,550,10,102,63.2,8.71,37.9,254
V Pratap Singh,9,204,300,10,71,34.0,8.82,20.4,255
Kamran Khan,9,166,248,10,63,27.7,8.96,16.6,256
Lalit Yadav,19,288,430,10,82,48.0,8.96,28.8,256
N Rana,27,216,326,10,65,36.0,9.06,21.6,257
BCJ Cutting,17,281,430,10,77,46.8,9.18,28.1,258
WG Jacks,19,191,315,10,62,31.8,9.9,19.1,259
B Laughlin,9,168,284,10,42,28.0,10.14,16.8,260
Akash Deep,14,278,554,10,89,46.3,11.96,27.8,261
SMSM Senanayake,8,192,211,9,73,32.0,6.59,21.33,262
IS Sodhi,8,181,204,9,64,30.2,6.76,20.11,263
SE Bond,8,186,225,9,75,31.0,7.26,20.67,264
AG Murtaza,12,264,322,9,101,44.0,7.32,29.33,265
Shahid Afridi,10,180,237,9,57,30.0,7.9,20.0,266
MN Samuels,11,214,285,9,79,35.7,7.99,23.78,267
KP Appanna,13,216,291,9,68,36.0,8.08,24.0,268
AJ Hosein,8,172,239,9,63,28.7,8.34,19.11,269
AM Nayar,19,229,323,9,69,38.2,8.46,25.44,270
V Shankar,22,238,344,9,80,39.7,8.67,26.44,271
KMA Paul,8,163,239,9,52,27.2,8.8,18.11,272
P Parameswaran,8,154,226,9,64,25.7,8.81,17.11,273
JEC Franklin,15,151,225,9,39,25.2,8.94,16.78,274
JDP Oram,14,237,362,9,79,39.5,9.16,26.33,275
M Siddharth,9,186,285,9,59,31.0,9.19,20.67,276
Yash Raj Punja,8,180,281,9,47,30.0,9.37,20.0,277
BE Hendricks,7,150,239,9,52,25.0,9.56,16.67,278
N Thushara,8,180,289,9,58,30.0,9.63,20.0,279
Shivang Kumar,13,234,376,9,62,39.0,9.64,26.0,280
R Parag,34,319,516,9,70,53.2,9.71,35.44,281
MP Yadav,10,217,371,9,92,36.2,10.26,24.11,282
JA Duffy,6,144,266,9,54,24.0,11.08,16.0,283
J Yadav,20,390,447,8,153,65.0,6.88,48.75,284
T Thushara,6,135,164,8,57,22.5,7.29,16.88,285
BAW Mendis,10,244,306,8,76,40.7,7.52,30.5,286
SB Styris,11,216,278,8,83,36.0,7.72,27.0,287
JD Ryder,16,236,314,8,79,39.3,7.98,29.5,288
AA Chavan,13,248,339,8,100,41.3,8.2,31.0,289
Anand Rajan,8,149,206,8,57,24.8,8.3,18.63,290
J Syed Mohammad,11,192,286,8,47,32.0,8.94,24.0,291
DJ Hussey,26,317,485,8,86,52.8,9.18,39.63,292
S Sandeep Warrier,10,168,257,8,72,28.0,9.18,21.0,292
JDS Neesham,13,216,342,8,63,36.0,9.5,27.0,293
Mohammad Asif,8,192,307,8,64,32.0,9.59,24.0,294
KC Cariappa,11,216,349,8,61,36.0,9.69,27.0,295
I Udana,10,174,286,8,45,29.0,9.86,21.75,296
Yudhvir Singh,9,138,257,8,54,23.0,11.17,17.25,297
M Ntini,9,210,257,7,99,35.0,7.34,30.0,298
KP Pietersen,13,174,218,7,54,29.0,7.52,24.86,299
AM Salvi,7,150,205,7,57,25.0,8.2,21.43,300
PC Valthaty,10,151,207,7,44,25.2,8.23,21.57,301
B Stanlake,6,144,200,7,64,24.0,8.33,20.57,302
HF Gurney,8,162,239,7,50,27.0,8.85,23.14,303
Swapnil Singh,14,162,241,7,39,27.0,8.93,23.14,304
A Mithun,16,288,477,7,90,48.0,9.94,41.14,305
GC Viljoen,6,138,229,7,43,23.0,9.96,19.71,306
AF Milne,11,227,381,7,71,37.8,10.07,32.43,307
Ramandeep Singh,6,56,95,7,13,9.3,10.18,8.0,308
KM Asif,7,133,232,7,46,22.2,10.47,19.0,309
SH Johnson,12,230,403,7,85,38.3,10.51,32.86,310
P Amarnath,6,132,241,7,29,22.0,10.95,18.86,311
XC Bartlett,13,261,486,7,82,43.5,11.17,37.29,312
DJ Willey,11,216,277,6,79,36.0,7.69,36.0,313
S Randiv,8,174,223,6,60,29.0,7.69,29.0,313
VS Malik,13,205,268,6,84,34.2,7.84,34.17,314
B Akhil,13,188,246,6,60,31.3,7.85,31.33,315
TL Suman,11,150,198,6,43,25.0,7.92,25.0,316
JE Taylor,5,117,167,6,48,19.5,8.56,19.5,317
MG Bracewell,5,66,95,6,26,11.0,8.64,11.0,318
S Tyagi,14,209,304,6,93,34.8,8.73,34.83,319
SS Cottrell,6,120,177,6,58,20.0,8.85,20.0,320
S Kaushik,10,204,304,6,68,34.0,8.94,34.0,321
C de Grandhomme,19,216,323,6,58,36.0,8.97,36.0,322
V Puthur,5,72,109,6,24,12.0,9.08,12.0,323
RR Raje,10,139,214,6,39,23.2,9.24,23.17,324
Y Venugopal Rao,20,216,338,6,59,36.0,9.39,36.0,325
AK Markram,24,223,358,6,55,37.2,9.63,37.17,326
D Pretorius,7,150,242,6,42,25.0,9.68,25.0,327
Zeeshan Ansari,10,203,334,6,47,33.8,9.87,33.83,328
Jaskaran Singh,7,102,174,6,39,17.0,10.24,17.0,329
Fazalhaq Farooqi,12,254,440,6,80,42.3,10.39,42.33,330
V Sehwag,15,136,236,6,44,22.7,10.41,22.67,331
DG Nalkande,6,84,150,6,22,14.0,10.71,14.0,332
Ashok Sharma,6,126,233,6,48,21.0,11.1,21.0,333
K Khejroliya,9,151,281,6,39,25.2,11.17,25.17,334
S Dube,19,154,287,6,30,25.7,11.18,25.67,335
OF Smith,6,90,179,6,35,15.0,11.93,15.0,336
W O'Rourke,3,62,132,6,15,10.3,12.77,10.33,337
PD Collingwood,6,89,101,5,24,14.8,6.81,17.8,338
FH Edwards,6,140,160,5,70,23.3,6.86,28.0,339
KMDN Kulasekara,5,102,122,5,45,17.0,7.18,20.4,340
Gurkeerat Singh,6,78,97,5,26,13.0,7.46,15.6,341
Shoaib Akhtar,3,42,54,5,23,7.0,7.71,8.4,342
RV Gomez,9,96,130,5,37,16.0,8.13,19.2,343
TM Dilshan,25,271,368,5,79,45.2,8.15,54.2,344
O Thomas,4,60,85,5,17,10.0,8.5,12.0,345
A Choudhary,5,101,144,5,42,16.8,8.55,20.2,346
SR Dubey,4,77,110,5,37,12.8,8.57,15.4,347
SB Wagh,8,102,147,5,45,17.0,8.65,20.4,348
Shoaib Ahmed,7,102,154,5,33,17.0,9.06,20.4,349
Shashank Singh,8,90,141,5,21,15.0,9.4,18.0,350
HR Shokeen,13,204,320,5,78,34.0,9.41,40.8,351
M de Lange,5,108,171,5,39,18.0,9.5,21.6,352
KL Nagarkoti,11,180,287,5,50,30.0,9.57,36.0,353
S Ladda,9,138,225,5,48,23.0,9.78,27.6,354
AP Dole,3,66,114,5,20,11.0,10.36,13.2,355
R Shukla,7,120,217,5,38,20.0,10.85,24.0,356
RJW Topley,6,120,222,5,44,20.0,11.1,24.0,357
S Narwal,6,106,203,5,37,17.7,11.49,21.2,358
DJ Muthuswami,6,84,108,4,44,14.0,7.71,21.0,359
D du Preez,2,42,56,4,18,7.0,8.0,10.5,360
DP Vijaykumar,9,152,205,4,63,25.3,8.09,38.0,361
WA Mota,7,72,98,4,24,12.0,8.17,18.0,362
Parvez Rasool,11,198,273,4,60,33.0,8.27,49.5,363
Shivam Sharma,5,114,165,4,37,19.0,8.68,28.5,364
SB Bangar,9,150,221,4,55,25.0,8.84,37.5,365
V Kohli,26,251,371,4,52,41.8,8.87,62.75,366
S Dhawan,6,48,72,4,17,8.0,9.0,12.0,367
LE Plunkett,7,150,228,4,39,25.0,9.12,37.5,368
Gurjapneet Singh,8,151,233,4,46,25.2,9.26,37.75,369
A Badoni,8,41,64,4,8,6.8,9.37,10.25,370
Arjun Tendulkar,6,97,153,4,36,16.2,9.46,24.25,371
M Tiwari,4,66,105,4,19,11.0,9.55,16.5,372
B Muzarabani,2,42,79,4,12,7.0,11.29,10.5,373
Y Nagar,8,66,125,4,16,11.0,11.36,16.5,374
T Stubbs,5,36,69,4,12,6.0,11.5,9.0,375
MJ Henry,9,162,314,4,40,27.0,11.63,40.5,376
DJ Thornely,4,42,40,3,19,7.0,5.71,14.0,377
JW Hastings,3,58,66,3,31,9.7,6.83,19.33,378
SM Harwood,3,60,74,3,33,10.0,7.4,20.0,379
AL Menaria,12,110,144,3,40,18.3,7.85,36.67,380
JM Kemp,5,44,58,3,15,7.3,7.91,14.67,381
DAJ Bracewell,1,24,32,3,10,4.0,8.0,8.0,382
P Sahu,5,105,152,3,24,17.5,8.69,35.0,383
RJ Peterson,4,48,70,3,21,8.0,8.75,16.0,384
GHS Garton,5,90,136,3,31,15.0,9.07,30.0,385
T Shamsi,5,120,185,3,28,20.0,9.25,40.0,386
RS Hangargekar,2,36,60,3,14,6.0,10.0,12.0,387
R Sathish,14,139,233,3,30,23.2,10.06,46.33,388
Gagandeep Singh,4,84,142,3,25,14.0,10.14,28.0,389
Sikandar Raza,7,84,146,3,21,14.0,10.43,28.0,390
VR Iyer,9,81,145,3,15,13.5,10.74,27.0,391
JA Richardson,4,90,162,3,30,15.0,10.8,30.0,392
R Ninan,2,36,65,3,8,6.0,10.83,12.0,393
L Ablish,3,42,76,3,10,7.0,10.86,14.0,394
JJ van der Wath,3,72,134,3,29,12.0,11.17,24.0,395
TM Head,7,64,121,3,10,10.7,11.34,21.33,396
K Santokie,2,48,91,3,15,8.0,11.38,16.0,397
Abhinandan Singh,3,58,122,3,15,9.7,12.62,19.33,398
Sachin Baby,2,10,8,2,5,1.7,4.8,5.0,399
KA Maharaj,2,36,39,2,11,6.0,6.5,18.0,400
PH Solanki,2,36,39,2,11,6.0,6.5,18.0,400
MJ Clarke,5,66,72,2,22,11.0,6.55,33.0,401
Mohammad Hafeez,4,60,71,2,22,10.0,7.1,30.0,402
RN ten Doeschate,10,78,94,2,22,13.0,7.23,39.0,403
C Nanda,3,48,58,2,13,8.0,7.25,24.0,404
Ankit Soni,6,109,145,2,37,18.2,7.98,54.5,405
GD Phillips,4,30,40,2,10,5.0,8.0,15.0,406
SM Boland,2,42,56,2,14,7.0,8.0,21.0,406
ND Doshi,4,56,79,2,24,9.3,8.46,28.0,407
PHKD Mendis,4,42,60,2,11,7.0,8.57,21.0,408
P Dubey,5,78,112,2,23,13.0,8.62,39.0,409
SC Kuggeleijn,2,48,71,2,17,8.0,8.88,24.0,410
Mayank Dagar,8,137,205,2,43,22.8,8.98,68.5,411
V Kaverappa,1,24,36,2,11,4.0,9.0,12.0,412
FA Allen,4,90,136,2,26,15.0,9.07,45.0,413
DNT Zoysa,3,66,100,2,24,11.0,9.09,33.0,414
AU Rashid,3,60,91,2,20,10.0,9.1,30.0,415
K Yadav,3,54,85,2,13,9.0,9.44,27.0,416
P Suyal,5,96,154,2,36,16.0,9.63,48.0,417
A Flintoff,3,66,106,2,20,11.0,9.64,33.0,418
RJ Gleeson,3,68,111,2,24,11.3,9.79,34.0,419
Shoaib Malik,5,51,87,2,15,8.5,10.24,25.5,420
SD Chitnis,2,36,62,2,9,6.0,10.33,18.0,421
MA Khote,2,30,52,2,5,5.0,10.4,15.0,422
LJ Wright,6,71,125,2,14,11.8,10.56,35.5,423
SS Mishra,2,38,68,2,15,6.3,10.74,19.0,424
D Kalyankrishna,3,48,88,2,10,8.0,11.0,24.0,425
A Uniyal,2,36,67,2,8,6.0,11.17,18.0,426
KJ Abbott,5,96,182,2,28,16.0,11.38,48.0,427
MJ Suthar,4,48,94,2,17,8.0,11.75,24.0,428
RA Bawa,2,24,50,2,7,4.0,12.5,12.0,429
JPR Scantlebury-Searles,3,42,89,2,7,7.0,12.71,21.0,430
Abdul Samad,7,57,125,2,12,9.5,13.16,28.5,431
KT Maphaka,4,66,148,2,22,11.0,13.45,33.0,432
DA Payne,2,30,70,2,5,5.0,14.0,15.0,433
AC Gilchrist,1,1,0,1,1,0.2,0.0,1.0,434
NB Singh,2,24,18,1,13,4.0,4.5,24.0,435
AM Rahane,1,6,5,1,2,1.0,5.0,6.0,436
SS Mundhe,1,6,6,1,4,1.0,6.0,6.0,437
LA Carseldine,1,6,6,1,4,1.0,6.0,6.0,437
T Henderson,2,36,41,1,14,6.0,6.83,36.0,438
GH Vihari,6,42,48,1,17,7.0,6.86,42.0,439
GR Napier,1,24,28,1,8,4.0,7.0,24.0,440
BMAJ Mendis,2,30,36,1,11,5.0,7.2,30.0,441
DJM Short,2,18,23,1,7,3.0,7.67,18.0,442
RS Ghosh,1,18,24,1,6,3.0,8.0,18.0,443
SS Sarkar,2,25,34,1,4,4.2,8.16,25.0,444
PM Sarvesh Kumar,2,30,42,1,11,5.0,8.4,30.0,445
MK Lomror,11,90,127,1,22,15.0,8.47,90.0,446
CJ McKay,2,42,60,1,14,7.0,8.57,42.0,447
Raghu Sharma,5,90,130,1,23,15.0,8.67,90.0,448
SSB Magala,2,36,52,1,5,6.0,8.67,36.0,448
SE Rutherford,6,41,60,1,7,6.8,8.78,41.0,449
GF Linde,3,37,55,1,10,6.2,8.92,37.0,450
SB Joshi,4,55,82,1,18,9.2,8.95,55.0,451
V Viyaskanth,3,60,90,1,16,10.0,9.0,60.0,452
D Madushanka,1,24,36,1,8,4.0,9.0,24.0,452
AA Jhunjhunwala,10,85,130,1,27,14.2,9.18,85.0,453
DB Ravi Teja,2,18,28,1,4,3.0,9.33,18.0,454
AJ Finch,5,43,67,1,13,7.2,9.35,43.0,455
M Shahrukh Khan,3,18,29,1,4,3.0,9.67,18.0,456
D Salunkhe,5,47,80,1,13,7.8,10.21,47.0,457
AA Noffke,1,24,41,1,6,4.0,10.25,24.0,458
MD Shanaka,3,36,62,1,7,6.0,10.33,36.0,459
A Nel,1,18,31,1,7,3.0,10.33,18.0,459
SS Agarwal,1,24,42,1,7,4.0,10.5,24.0,460
IC Porel,1,24,42,1,7,4.0,10.5,24.0,460
LI Meriwala,1,18,32,1,6,3.0,10.67,18.0,461
GS Sandhu,2,48,86,1,9,8.0,10.75,48.0,462
RG More,2,35,63,1,4,5.8,10.8,35.0,463
S Vidyut,1,12,22,1,5,2.0,11.0,12.0,464
LMP Simmons,1,18,34,1,2,3.0,11.33,18.0,465
B Geeves,2,48,91,1,15,8.0,11.38,48.0,466
Y Prithvi Raj,2,30,57,1,8,5.0,11.4,30.0,467
SA Abbott,3,54,104,1,13,9.0,11.56,54.0,468
R Powell,2,18,35,1,4,3.0,11.67,18.0,469
TP Sudhindra,3,70,137,1,18,11.7,11.74,70.0,470
MK Tiwary,6,42,83,1,9,7.0,11.86,42.0,471
DJ Mitchell,4,48,97,1,5,8.0,12.13,48.0,472
CL White,6,42,86,1,8,7.0,12.29,42.0,473
LB Williams,2,36,74,1,12,6.0,12.33,36.0,474
BJ Dwarshuis,1,24,51,1,6,4.0,12.75,24.0,475
D Jansen,1,24,53,1,6,4.0,13.25,24.0,476
Musheer Khan,1,12,27,1,1,2.0,13.5,12.0,477
PVSN Raju,2,24,54,1,3,4.0,13.5,24.0,477
D Ferreira,3,18,41,1,2,3.0,13.67,18.0,478
L Wood,2,36,94,1,8,6.0,15.67,36.0,479
D Brevis,1,3,8,1,1,0.5,16.0,3.0,480
R Ravindra,2,12,7,0,5,2.0,3.5,12.0,481
M Manhas,3,42,42,0,15,7.0,6.0,42.0,482
NJ Rimmington,1,18,20,0,9,3.0,6.67,18.0,483
S Rana,3,16,18,0,5,2.7,6.75,16.0,484
SS Iyer,1,6,7,0,4,1.0,7.0,6.0,485
Y Gnaneswara Rao,1,6,7,0,3,1.0,7.0,6.0,485
NL McCullum,2,30,35,0,10,5.0,7.0,30.0,485
RV Patel,1,18,22,0,5,3.0,7.33,18.0,486
C Munro,2,12,15,0,5,2.0,7.5,12.0,487
JE Root,1,12,15,0,1,2.0,7.5,12.0,487
Tilak Varma,4,22,28,0,8,3.7,7.64,22.0,488
N Wadhera,2,17,22,0,3,2.8,7.76,17.0,489
SA Yadav,1,6,8,0,2,1.0,8.0,6.0,490
RS Gavaskar,1,6,8,0,2,1.0,8.0,6.0,490
M Vijay,4,36,49,0,8,6.0,8.17,36.0,491
KR Mayers,6,42,59,0,14,7.0,8.43,42.0,492
AC Voges,7,54,76,0,15,9.0,8.44,54.0,493
CJ Green,1,17,24,0,6,2.8,8.47,17.0,494
R Goyal,1,24,34,0,6,4.0,8.5,24.0,495
K Goel,6,66,94,0,19,11.0,8.55,66.0,496
DJ Harris,2,18,26,0,4,3.0,8.67,18.0,497
Naman Dhir,5,52,76,0,11,8.7,8.77,52.0,498
MW Short,5,43,64,0,16,7.2,8.93,43.0,499
K Upadhyay,3,54,81,0,20,9.0,9.0,54.0,500
AS Raut,5,30,45,0,6,5.0,9.0,30.0,500
Jalaj S Saxena,1,18,27,0,5,3.0,9.0,18.0,500
Tejas Baroka,1,21,33,0,6,3.5,9.43,21.0,501
AUK Pathan,3,39,63,0,9,6.5,9.69,39.0,502
SR Tendulkar,4,36,59,0,4,6.0,9.83,36.0,503
KAJ Roach,2,48,80,0,20,8.0,10.0,48.0,504
Monu Kumar,1,12,20,0,4,2.0,10.0,12.0,504
FY Fazal,2,12,20,0,1,2.0,10.0,12.0,504
KS Williamson,2,18,31,0,2,3.0,10.33,18.0,505
Krish Bhagat,3,36,63,0,15,6.0,10.5,36.0,506
AA Kazi,1,12,21,0,2,2.0,10.5,12.0,506
RW Price,1,18,33,0,1,3.0,11.0,18.0,507
RA Shaikh,1,6,11,0,1,1.0,11.0,6.0,507
MB Parmar,1,18,33,0,4,3.0,11.0,18.0,507
CJ Dala,1,18,34,0,7,3.0,11.33,18.0,508
Sumit Kumar,2,20,38,0,4,3.3,11.4,20.0,509
SZ Mulani,2,30,57,0,7,5.0,11.4,30.0,509
R Sanjay Yadav,1,12,23,0,6,2.0,11.5,12.0,510
Auqib Nabi,5,78,151,0,24,13.0,11.62,78.0,511
A Dananjaya,1,24,47,0,6,4.0,11.75,24.0,512
Gulbadin Naib,1,6,12,0,1,1.0,12.0,6.0,513
RA Tripathi,1,6,12,0,0,1.0,12.0,6.0,513
RR Bose,1,12,24,0,5,2.0,12.0,12.0,513
BJ Rohrer,1,6,12,0,1,1.0,12.0,6.0,513
DA Warner,1,1,2,0,0,0.2,12.0,1.0,513
LRPL Taylor,2,12,24,0,0,2.0,12.0,12.0,513
VS Yeligati,2,30,61,0,6,5.0,12.2,30.0,514
Vivrant Sharma,2,18,37,0,5,3.0,12.33,18.0,515
H Sharma,2,30,62,0,2,5.0,12.4,30.0,516
Arshad Khan (2),1,12,25,0,4,2.0,12.5,12.0,517
PR Veer,1,12,25,0,5,2.0,12.5,12.0,517
S Joseph,1,24,51,0,9,4.0,12.75,24.0,518
Aman Hakim Khan,1,6,13,0,1,1.0,13.0,6.0,519
C Ganapathy,1,6,13,0,1,1.0,13.0,6.0,519
Mandeep Singh,2,12,26,0,1,2.0,13.0,12.0,519
Suryansh Shedge,1,18,40,0,1,3.0,13.33,18.0,520
Gurnoor Brar,1,18,42,0,7,3.0,14.0,18.0,521
P Ray Barman,1,24,56,0,2,4.0,14.0,24.0,521
Abdur Razzak,1,12,29,0,5,2.0,14.5,12.0,522
S Midhun,1,12,29,0,3,2.0,14.5,12.0,522
Mohit Rathee,1,12,29,0,3,2.0,14.5,12.0,522
T Vijay,1,12,29,0,2,2.0,14.5,12.0,522
Mashrafe Mortaza,1,24,59,0,6,4.0,14.75,24.0,523
SPD Smith,1,2,5,0,0,0.3,15.0,2.0,524
MG Neser,1,24,62,0,5,4.0,15.5,24.0,525
Sunny Gupta,1,18,47,0,0,3.0,15.67,18.0,526
F du Plessis,1,6,16,0,0,1.0,16.0,6.0,527
PWA Mulder,1,6,16,0,1,1.0,16.0,6.0,527
S Sriram,2,18,49,0,2,3.0,16.33,18.0,528
CK Kapugedera,3,17,49,0,0,2.8,17.29,17.0,529
RR Bhatkal,1,12,35,0,0,2.0,17.5,12.0,530
NA Saini,1,12,35,0,2,2.0,17.5,12.0,530
P Prasanth,1,6,18,0,3,1.0,18.0,6.0,531
SN Khan,1,2,6,0,0,0.3,18.0,2.0,531
TH David,1,6,18,0,1,1.0,18.0,6.0,531
B Chipli,1,6,20,0,1,1.0,20.0,6.0,532
LPC Silva,1,6,21,0,0,1.0,21.0,6.0,533
I Malhotra,1,6,23,0,0,1.0,23.0,6.0,534
Ishan Kishan,1,1,4,0,0,0.2,24.0,1.0,535
Atharva Taide,1,1,4,0,0,0.2,24.0,1.0,535
Karim Janat,1,6,30,0,0,1.0,30.0,6.0,536
YBK Jaiswal,1,1,6,0,0,0.2,36.0,1.0,537
