season,season_matches,total_runs,legal_balls,fours,sixes,total_wickets,run_rate,avg_match_runs,avg_match_wickets,boundary_runs,boundary_run_pct,chasing_win_pct,toss_win_pct
2008,58,17937,12950,1703,623,689,8.31,309.3,11.9,10550,58.82,58.62,48.28
2009,57,16353,13095,1321,508,698,7.49,286.9,12.2,8332,50.95,51.79,58.93
2010,60,18883,13938,1709,587,723,8.13,314.7,12.1,10358,54.85,47.46,52.54
2011,73,21154,16425,1916,639,813,7.73,289.8,11.1,11498,54.35,54.17,52.78
2012,74,22453,17208,1911,733,857,7.83,303.4,11.6,12042,53.63,54.05,44.59
2013,76,22602,17637,2054,681,911,7.69,297.4,12.0,12302,54.43,50.0,47.3
2014,60,18931,13845,1563,715,673,8.2,315.5,11.2,10542,55.69,62.71,49.15
2015,59,18353,13150,1611,692,690,8.37,311.1,11.7,10596,57.73,42.86,48.21
2016,60,18862,13618,1633,639,665,8.31,314.4,11.1,10366,54.96,65.0,56.67
2017,59,18786,13401,1612,706,710,8.41,318.4,12.0,10684,56.87,55.17,58.62
2018,60,19901,13808,1652,872,720,8.65,331.7,12.0,11840,59.49,53.33,53.33
2019,60,19434,13856,1655,786,685,8.42,323.9,11.4,11336,58.33,61.4,59.65
2021,120,38053,27941,3140,1423,1393,8.17,317.1,11.6,21098,55.44,57.39,51.3
2022,74,24395,17138,2020,1062,911,8.54,329.7,12.3,14452,59.24,50.0,48.65
2023,74,25688,17137,2175,1124,914,8.99,347.1,12.4,15444,60.12,45.21,46.58
2024,71,25971,16299,2175,1261,883,9.56,365.8,12.4,16266,62.63,50.7,43.66
2025,74,26527,16516,2263,1302,871,9.64,358.5,11.8,16864,63.57,52.86,61.43
2026,74,27455,16668,2334,1426,881,9.88,371.0,11.9,17892,65.17,62.5,51.39
