team,matches_played,wins,losses,no_results,bat_first_wins,chase_wins,win_pct,bat_first_win_pct,chase_win_pct
Mumbai Indians,291,157,134,0,77,78,53.95,49.04,49.68
Chennai Super Kings,266,148,117,1,75,73,55.64,50.68,49.32
Royal Challengers Bengaluru,286,145,138,3,66,77,50.7,45.52,53.1
Kolkata Knight Riders,278,142,134,2,58,82,51.08,40.85,57.75
Delhi Capitals,281,129,148,4,48,77,45.91,37.21,59.69
Punjab Kings,278,129,146,3,57,69,46.4,44.19,53.49
Rajasthan Royals,251,125,124,2,50,73,49.8,40.0,58.4
Sunrisers Hyderabad,211,103,107,1,53,49,48.82,51.46,47.57
Gujarat Titans,77,47,30,0,19,28,61.04,40.43,59.57
Lucknow Super Giants,72,34,37,1,21,13,47.22,61.76,38.24
Deccan Chargers,75,29,46,0,18,11,38.67,62.07,37.93
Rising Pune Supergiant,30,15,15,0,7,8,50.0,46.67,53.33
Gujarat Lions,30,13,17,0,1,12,43.33,7.69,92.31
Pune Warriors,46,12,33,1,6,6,26.09,50.0,50.0
Kochi Tuskers Kerala,14,6,8,0,2,4,42.86,33.33,66.67
