team_a,team_b,total_encounters,team_a_wins,team_b_wins,team_a_win_pct,team_b_win_pct
Chennai Super Kings,Mumbai Indians,41,20,21,48.78,51.22
Punjab Kings,Royal Challengers Bengaluru,38,18,20,47.37,52.63
Delhi Capitals,Mumbai Indians,38,17,21,44.74,55.26
Kolkata Knight Riders,Mumbai Indians,37,12,25,32.43,67.57
Delhi Capitals,Kolkata Knight Riders,36,16,20,44.44,55.56
Mumbai Indians,Royal Challengers Bengaluru,36,19,17,52.78,47.22
Kolkata Knight Riders,Royal Challengers Bengaluru,36,20,16,55.56,44.44
Mumbai Indians,Punjab Kings,36,18,18,50.0,50.0
Delhi Capitals,Punjab Kings,36,18,18,50.0,50.0
Chennai Super Kings,Royal Challengers Bengaluru,35,21,14,60.0,40.0
Kolkata Knight Riders,Punjab Kings,34,21,13,61.76,38.24
Delhi Capitals,Royal Challengers Bengaluru,34,13,21,38.24,61.76
Chennai Super Kings,Delhi Capitals,33,21,12,63.64,36.36
Chennai Super Kings,Punjab Kings,33,16,17,48.48,51.52
Mumbai Indians,Rajasthan Royals,32,16,16,50.0,50.0
Chennai Super Kings,Kolkata Knight Riders,32,21,11,65.63,34.38
Chennai Super Kings,Rajasthan Royals,32,16,16,50.0,50.0
Delhi Capitals,Rajasthan Royals,32,17,15,53.13,46.88
Kolkata Knight Riders,Sunrisers Hyderabad,32,21,11,65.63,34.38
Rajasthan Royals,Royal Challengers Bengaluru,32,15,17,46.88,53.13
Punjab Kings,Rajasthan Royals,31,13,18,41.94,58.06
Kolkata Knight Riders,Rajasthan Royals,31,17,14,54.84,45.16
Royal Challengers Bengaluru,Sunrisers Hyderabad,27,12,15,44.44,55.56
Delhi Capitals,Sunrisers Hyderabad,26,12,14,46.15,53.85
Punjab Kings,Sunrisers Hyderabad,26,8,18,30.77,69.23
Mumbai Indians,Sunrisers Hyderabad,26,15,11,57.69,42.31
Rajasthan Royals,Sunrisers Hyderabad,24,10,14,41.67,58.33
Chennai Super Kings,Sunrisers Hyderabad,24,15,9,62.5,37.5
Deccan Chargers,Delhi Capitals,11,4,7,36.36,63.64
Deccan Chargers,Royal Challengers Bengaluru,11,6,5,54.55,45.45
Gujarat Titans,Rajasthan Royals,11,8,3,72.73,27.27
Deccan Chargers,Mumbai Indians,10,4,6,40.0,60.0
Gujarat Titans,Royal Challengers Bengaluru,10,4,6,40.0,60.0
Deccan Chargers,Punjab Kings,10,3,7,30.0,70.0
Chennai Super Kings,Gujarat Titans,10,4,6,40.0,60.0
Chennai Super Kings,Deccan Chargers,10,6,4,60.0,40.0
