venue,total_matches,city,bat_first_wins,chase_wins,bat_first_win_pct,chase_win_pct,avg_1st_innings_score,avg_2nd_innings_score,highest_score,lowest_score
Eden Gardens,77,Kolkata,32,45,41.56,58.44,160.2,147.1,232,49
Wankhede Stadium,72,Mumbai,35,37,48.61,51.39,166.0,154.4,235,67
M Chinnaswamy Stadium,62,Bengaluru,26,36,41.94,58.06,168.1,145.5,263,2
"Wankhede Stadium, Mumbai",59,Mumbai,24,35,40.68,59.32,181.9,171.5,249,97
Feroz Shah Kotla,59,Delhi,28,31,47.46,52.54,161.6,147.8,231,44
"Rajiv Gandhi International Stadium, Uppal",48,Hyderabad,20,28,41.67,58.33,156.1,147.0,223,80
Sawai Mansingh Stadium,47,Jaipur,15,32,31.91,68.09,157.7,145.8,197,60
"MA Chidambaram Stadium, Chepauk",47,Chennai,30,17,63.83,36.17,166.0,151.9,246,95
Dubai International Cricket Stadium,43,Unknown,21,22,48.84,51.16,163.8,149.1,219,109
"Narendra Modi Stadium, Ahmedabad",41,Ahmedabad,20,21,48.78,51.22,185.8,166.1,243,86
"MA Chidambaram Stadium, Chepauk, Chennai",40,Chennai,17,23,42.5,57.5,168.3,156.9,217,101
"Punjab Cricket Association Stadium, Mohali",35,Chandigarh,15,20,42.86,57.14,163.3,150.6,240,84
"Arun Jaitley Stadium, Delhi",29,Delhi,13,16,44.83,55.17,193.6,180.7,278,75
Sharjah Cricket Stadium,28,Unknown,10,18,35.71,64.29,159.0,147.5,228,85
"Eden Gardens, Kolkata",28,Kolkata,15,13,53.57,46.43,190.3,174.9,262,7
Sheikh Zayed Stadium,27,Abu Dhabi,11,16,40.74,59.26,158.9,145.6,206,70
"Bharat Ratna Shri Atal Bihari Vajpayee Ekana Cricket Stadium, Lucknow",27,Lucknow,11,16,40.74,59.26,174.8,166.5,235,108
"Rajiv Gandhi International Stadium, Uppal, Hyderabad",25,Hyderabad,13,12,52.0,48.0,194.7,181.8,286,131
"M Chinnaswamy Stadium, Bengaluru",24,Bengaluru,11,13,45.83,54.17,190.4,181.7,287,95
Maharashtra Cricket Association Stadium,22,Pune,8,14,36.36,63.64,166.4,152.1,211,73
"Sawai Mansingh Stadium, Jaipur",21,Jaipur,9,12,42.86,57.14,194.5,178.3,229,59
"Dr DY Patil Sports Academy, Mumbai",20,Mumbai,10,10,50.0,50.0,170.7,158.0,216,113
"Brabourne Stadium, Mumbai",17,Mumbai,8,9,47.06,52.94,177.4,165.2,217,68
Dr DY Patil Sports Academy,17,Mumbai,7,10,41.18,58.82,146.6,136.3,190,82
Subrata Roy Sahara Stadium,16,Pune,10,6,62.5,37.5,149.4,133.6,187,99
Kingsmead,15,Durban,9,6,60.0,40.0,152.0,138.2,211,79
Rajiv Gandhi International Stadium,15,Hyderabad,8,7,53.33,46.67,162.6,146.1,231,96
M.Chinnaswamy Stadium,14,Bengaluru,7,7,50.0,50.0,173.9,167.9,218,41
Dr. Y.S. Rajasekhara Reddy ACA-VDCA Cricket Stadium,13,Visakhapatnam,7,6,53.85,46.15,157.5,130.7,206,76
Arun Jaitley Stadium,13,Delhi,7,6,53.85,46.15,168.3,155.0,219,115
"Maharashtra Cricket Association Stadium, Pune",13,Pune,10,3,76.92,23.08,171.5,144.5,210,82
SuperSport Park,12,Centurion,4,8,33.33,66.67,154.8,149.6,189,105
"Sardar Patel Stadium, Motera",11,Ahmedabad,6,5,54.55,45.45,163.2,149.0,201,102
"Punjab Cricket Association IS Bindra Stadium, Mohali",11,Chandigarh,5,6,45.45,54.55,164.1,158.2,207,67
Punjab Cricket Association IS Bindra Stadium,10,Chandigarh,4,6,40.0,60.0,175.6,172.0,197,150
"Maharaja Yadavindra Singh International Cricket Stadium, Mullanpur",10,Chandigarh,5,5,50.0,50.0,163.0,155.4,219,95
Brabourne Stadium,10,Mumbai,6,4,60.0,40.0,180.4,167.7,212,115
MA Chidambaram Stadium,9,Chennai,4,5,44.44,55.56,150.6,134.2,205,70
"Himachal Pradesh Cricket Association Stadium, Dharamsala",9,Dharamsala,6,3,66.67,33.33,205.2,187.6,254,122
Saurashtra Cricket Association Stadium,9,Rajkot,3,6,33.33,66.67,168.9,162.7,213,131
Himachal Pradesh Cricket Association Stadium,9,Dharamsala,5,4,55.56,44.44,175.7,146.2,232,116
Holkar Cricket Stadium,9,Indore,1,8,11.11,88.89,160.3,158.8,245,88
New Wanderers Stadium,8,Johannesburg,3,5,37.5,62.5,144.0,142.5,166,123
"Barsapara Cricket Stadium, Guwahati",8,Guwahati,4,4,50.0,50.0,168.9,157.6,202,123
"Zayed Cricket Stadium, Abu Dhabi",8,Abu Dhabi,3,5,37.5,62.5,159.0,150.4,235,92
JSCA International Stadium Complex,7,Ranchi,2,5,28.57,71.43,149.0,144.7,189,114
St George's Park,7,Port Elizabeth,3,4,42.86,57.14,159.0,131.4,187,87
Barabati Stadium,7,Cuttack,4,3,57.14,42.86,167.7,157.7,231,126
"Maharaja Yadavindra Singh International Cricket Stadium, New Chandigarh",7,Chandigarh,3,4,42.86,57.14,220.3,205.6,254,162
Shaheed Veer Narayan Singh International Stadium,6,Raipur,2,4,33.33,66.67,146.3,143.8,164,119
Newlands,6,Cape Town,4,2,66.67,33.33,139.4,112.6,184,58
Nehru Stadium,5,Kochi,3,2,60.0,40.0,146.8,125.8,162,74
"Punjab Cricket Association IS Bindra Stadium, Mohali, Chandigarh",5,Chandigarh,3,2,60.0,40.0,197.8,173.4,257,146
Green Park,4,Kanpur,0,4,0.0,100.0,161.3,163.3,197,124
"Dr. Y.S. Rajasekhara Reddy ACA-VDCA Cricket Stadium, Visakhapatnam",4,Visakhapatnam,2,2,50.0,50.0,208.8,178.5,272,163
De Beers Diamond Oval,3,Kimberley,1,2,33.33,66.67,158.0,141.0,169,113
Buffalo Park,3,East London,2,1,66.67,33.33,147.3,119.0,178,100
"Vidarbha Cricket Association Stadium, Jamtha",3,Nagpur,2,1,66.67,33.33,149.3,144.7,159,138
"Shaheed Veer Narayan Singh International Stadium, Raipur",2,Raipur,0,2,0.0,100.0,179.0,180.5,194,166
OUTsurance Oval,2,Bloemfontein,1,1,50.0,50.0,135.0,129.5,150,120
